representation,rep_params,metric,K,micro_Precision@K,micro_Recall@K,micro_MAP@K,micro_nDCG@K,macro_Precision@K,macro_Recall@K,macro_MAP@K,macro_nDCG@K,micro_MAP@K_CI_low,micro_MAP@K_CI_high
MorganBit,"r=2,b=4096",Tanimoto,10,0.26870113968164266,0.004983234082766218,0.21887944013120614,0.1646679104823484,0.5425031536561609,0.006624513714906799,0.44703238078390756,0.35272604476535707,0.21373933010812246,0.2248607713594998
MorganBit,"r=2,b=4096",Dice,10,0.26870113968164266,0.004983234082766218,0.21887944013120614,0.1646679104823484,0.5425031536561609,0.006624513714906799,0.44703238078390756,0.35272604476535707,0.21373933010812246,0.2248607713594998
MorganBit,"r=2,b=4096",Sokal,10,0.26870113968164266,0.004983234082766218,0.21887944013120614,0.1646679104823484,0.5425031536561609,0.006624513714906799,0.44703238078390756,0.35272604476535707,0.21373933010812246,0.2248607713594998
MorganBit,"r=2,b=4096",OnBit,10,0.26870113968164266,0.004983234082766218,0.21887944013120614,0.1646679104823484,0.5425031536561609,0.006624513714906799,0.44703238078390756,0.35272604476535707,0.21373933010812246,0.2248607713594998
MorganBit,"r=2,b=4096",RogotGoldberg,10,0.26868230196854104,0.004989796439320216,0.2188792812814429,0.16468428384604913,0.5425550449311891,0.0066379677911365875,0.44681662916677556,0.35261792401771463,0.21363817373791058,0.22481982853382787
MorganBit,"r=2,b=2048",Tanimoto,10,0.26824903456720356,0.00496102157983106,0.21819428684056166,0.16435960171487896,0.541269152580799,0.00653740858261449,0.44590287864176603,0.3520241099765593,0.21334295810278314,0.22412109961537174
MorganBit,"r=2,b=2048",Dice,10,0.26824903456720356,0.00496102157983106,0.21819428684056166,0.16435960171487896,0.541269152580799,0.00653740858261449,0.44590287864176603,0.3520241099765593,0.21334295810278314,0.22412109961537174
MorganBit,"r=2,b=2048",Sokal,10,0.26824903456720356,0.00496102157983106,0.21819428684056166,0.16435960171487896,0.541269152580799,0.00653740858261449,0.44590287864176603,0.3520241099765593,0.21334295810278314,0.22412109961537174
MorganBit,"r=2,b=2048",OnBit,10,0.26824903456720356,0.00496102157983106,0.21819428684056166,0.16435960171487896,0.541269152580799,0.00653740858261449,0.44590287864176603,0.3520241099765593,0.21334295810278314,0.22412109961537174
MorganBit,"r=2,b=2048",RogotGoldberg,10,0.26787228030517096,0.004961391547204351,0.21778283667553236,0.16403861935615285,0.5401662338839661,0.006544838501537773,0.44480570846830575,0.35165840367369555,0.21272971937040172,0.22379984570081524
MorganBit,"r=2,b=4096",BraunBlanquet,10,0.26664782895356504,0.004933316050159286,0.21754837442496386,0.1646898358352354,0.5407370432577698,0.006638776836142631,0.4459046021990953,0.3539432755160991,0.21240889839931767,0.2240265513641644
MorganBit,"r=2,b=4096",Cosine,10,0.26732598662522367,0.0049609464197999855,0.21697812806953803,0.16327629194621374,0.54088880077218,0.006566616365271743,0.4435198197353053,0.34992633307335536,0.21182615575350106,0.222893095324061
MorganBit,"r=2,b=1024",Tanimoto,10,0.26685504379768293,0.004928696080961089,0.21695008561334805,0.16376519768868092,0.5393344961331975,0.0065171935287393346,0.444561124309966,0.3517179087286185,0.21164486911527036,0.2228794699922919
MorganBit,"r=2,b=1024",Dice,10,0.26685504379768293,0.004928696080961089,0.21695008561334805,0.16376519768868092,0.5393344961331975,0.0065171935287393346,0.444561124309966,0.3517179087286185,0.21164486911527036,0.2228794699922919
MorganBit,"r=2,b=1024",Sokal,10,0.26685504379768293,0.004928696080961089,0.21695008561334805,0.16376519768868092,0.5393344961331975,0.0065171935287393346,0.444561124309966,0.3517179087286185,0.21164486911527036,0.2228794699922919
MorganBit,"r=2,b=1024",OnBit,10,0.26685504379768293,0.004928696080961089,0.21695008561334805,0.16376519768868092,0.5393344961331975,0.0065171935287393346,0.444561124309966,0.3517179087286185,0.21164486911527036,0.2228794699922919
MorganBit,"r=2,b=2048",BraunBlanquet,10,0.26570594329848357,0.004916950069037678,0.21680481924018233,0.1641102032933827,0.5382950912490178,0.006518573586325437,0.4443324177987885,0.3525422255765525,0.21136384795237048,0.22300798178011905
MorganBit,"r=2,b=1024",RogotGoldberg,10,0.26654422153150603,0.004932037534580333,0.21650817055548688,0.16332607488951353,0.5375621997397892,0.006510160563734393,0.44338105813991724,0.3505992028250655,0.21137844521553767,0.22252316465161517
MorganBit,"r=2,b=2048",Cosine,10,0.2666289912404634,0.004947873489593124,0.2163614427644992,0.16300618153758306,0.5394322674384399,0.006532267183227184,0.4429720904369734,0.35022563603194845,0.21117153013249193,0.2223474270294023
MorganBit,"r=1,b=4096",RogotGoldberg,10,0.2670528397852501,0.005032624588887387,0.21609614684047201,0.16244306028275826,0.54006641950818,0.006590965329893042,0.44069352369258197,0.34697338822128104,0.21075375651657793,0.22220429534120428
MorganBit,"r=1,b=4096",Tanimoto,10,0.2664688706790995,0.004973412536252824,0.2159136976088563,0.16218912145588524,0.5390122213753307,0.006550753445872538,0.4405791577310222,0.34611162103184,0.2104871622293387,0.22224318755659417
MorganBit,"r=1,b=4096",Dice,10,0.2664688706790995,0.004973412536252824,0.2159136976088563,0.16218912145588524,0.5390122213753307,0.006550753445872538,0.4405791577310222,0.34611162103184,0.2104871622293387,0.22224318755659417
MorganBit,"r=1,b=4096",Sokal,10,0.2664688706790995,0.004973412536252824,0.2159136976088563,0.16218912145588524,0.5390122213753307,0.006550753445872538,0.4405791577310222,0.34611162103184,0.2104871622293387,0.22224318755659417
MorganBit,"r=1,b=4096",OnBit,10,0.2664688706790995,0.004973412536252824,0.2159136976088563,0.16218912145588524,0.5390122213753307,0.006550753445872538,0.4405791577310222,0.34611162103184,0.2104871622293387,0.22224318755659417
MorganBit,"r=3,b=4096",BraunBlanquet,10,0.2644532353772252,0.004842933887363124,0.21553375949921583,0.16351651252049915,0.53691440361778,0.006516812446324653,0.4443753721411999,0.3524047494631992,0.20989221847336778,0.22198892644284174
MorganBit,"r=3,b=4096",Tanimoto,10,0.2652820947536969,0.00488745665160335,0.21545766610203362,0.16259962405656378,0.5372540333193363,0.0065448961350246995,0.4426972348273698,0.3498523571524199,0.21033034385865632,0.2212607608411537
MorganBit,"r=3,b=4096",Dice,10,0.2652820947536969,0.00488745665160335,0.21545766610203362,0.16259962405656378,0.5372540333193363,0.0065448961350246995,0.4426972348273698,0.3498523571524199,0.21033034385865632,0.2212607608411537
MorganBit,"r=3,b=4096",Sokal,10,0.2652820947536969,0.00488745665160335,0.21545766610203362,0.16259962405656378,0.5372540333193363,0.0065448961350246995,0.4426972348273698,0.3498523571524199,0.21033034385865632,0.2212607608411537
MorganBit,"r=3,b=4096",OnBit,10,0.2652820947536969,0.00488745665160335,0.21545766610203362,0.16259962405656378,0.5372540333193363,0.0065448961350246995,0.4426972348273698,0.3498523571524199,0.21033034385865632,0.2212607608411537
MorganBit,"r=2,b=1024",Cosine,10,0.2657247810115852,0.0049183750028290564,0.21545288565856993,0.16246545198072498,0.5374500294474183,0.0064865535362946345,0.4412213709692111,0.3493331501847544,0.210333427957957,0.22125366268620308
MorganBit,"r=1,b=2048",RogotGoldberg,10,0.26575303758123764,0.004937238148829557,0.21532253105107962,0.16192259365092573,0.538072333405843,0.006500822165402557,0.4391076780429587,0.3459198416667469,0.2098510259265239,0.2215294007863001
MorganBit,"r=3,b=4096",RogotGoldberg,10,0.2650842987661298,0.004864628669955323,0.21515014230447024,0.16235442909270847,0.5378473036254972,0.006508793128149894,0.4427726713386007,0.3493588482640641,0.2099808857948693,0.22117533989488755
MorganBit,"r=1,b=2048",Tanimoto,10,0.26538570217575586,0.0049216654560728795,0.21504301589294997,0.16206993067713102,0.5367184840389243,0.006448528729272165,0.43891201387202755,0.34683163210621043,0.2097825769250224,0.22140787783630925
MorganBit,"r=1,b=2048",Dice,10,0.26538570217575586,0.0049216654560728795,0.21504301589294997,0.16206993067713102,0.5367184840389243,0.006448528729272165,0.43891201387202755,0.34683163210621043,0.2097825769250224,0.22140787783630925
MorganBit,"r=1,b=2048",Sokal,10,0.26538570217575586,0.0049216654560728795,0.21504301589294997,0.16206993067713102,0.5367184840389243,0.006448528729272165,0.43891201387202755,0.34683163210621043,0.2097825769250224,0.22140787783630925
MorganBit,"r=1,b=2048",OnBit,10,0.26538570217575586,0.0049216654560728795,0.21504301589294997,0.16206993067713102,0.5367184840389243,0.006448528729272165,0.43891201387202755,0.34683163210621043,0.2097825769250224,0.22140787783630925
MorganBit,"r=2,b=1024",BraunBlanquet,10,0.2639163605538288,0.004905722117437962,0.21484933006513962,0.1631849412122902,0.5341078933475589,0.006459775971650377,0.44087381781855034,0.35103019006699276,0.2096910558519505,0.2209762637339637
MorganBit,"r=3,b=2048",Tanimoto,10,0.2645380050861826,0.00499984991868061,0.21471412586781807,0.16237436349333775,0.5359487584008805,0.006653651405945927,0.4414481616234623,0.34937431463323804,0.2095543432515388,0.22059516541368465
MorganBit,"r=3,b=2048",Dice,10,0.2645380050861826,0.00499984991868061,0.21471412586781807,0.16237436349333775,0.5359487584008805,0.006653651405945927,0.4414481616234623,0.34937431463323804,0.2095543432515388,0.22059516541368465
MorganBit,"r=3,b=2048",Sokal,10,0.2645380050861826,0.00499984991868061,0.21471412586781807,0.16237436349333775,0.5359487584008805,0.006653651405945927,0.4414481616234623,0.34937431463323804,0.2095543432515388,0.22059516541368465
MorganBit,"r=3,b=2048",OnBit,10,0.2645380050861826,0.00499984991868061,0.21471412586781807,0.16237436349333775,0.5359487584008805,0.006653651405945927,0.4414481616234623,0.34937431463323804,0.2095543432515388,0.22059516541368465
MorganBit,"r=1,b=1024",Tanimoto,10,0.2649524347744184,0.004885125383120395,0.21446706402779214,0.16174446257074887,0.5377071136368222,0.006431909157502645,0.43890270636738293,0.34639560196645797,0.20923945377733524,0.22054252253984702
MorganBit,"r=1,b=1024",Dice,10,0.2649524347744184,0.004885125383120395,0.21446706402779214,0.16174446257074887,0.5377071136368222,0.006431909157502645,0.43890270636738293,0.34639560196645797,0.20923945377733524,0.22054252253984702
MorganBit,"r=1,b=1024",Sokal,10,0.2649524347744184,0.004885125383120395,0.21446706402779214,0.16174446257074887,0.5377071136368222,0.006431909157502645,0.43890270636738293,0.34639560196645797,0.20923945377733524,0.22054252253984702
MorganBit,"r=1,b=1024",OnBit,10,0.2649524347744184,0.004885125383120395,0.21446706402779214,0.16174446257074887,0.5377071136368222,0.006431909157502645,0.43890270636738293,0.34639560196645797,0.20923945377733524,0.22054252253984702
MorganBit,"r=1,b=4096",Cosine,10,0.26517848733163796,0.004938845885485884,0.214435880261914,0.16122776681946255,0.5360481894845881,0.006491248527572522,0.4374117080052686,0.3443849589348903,0.20893552091883189,0.22101611549536457
MorganBit,"r=3,b=2048",RogotGoldberg,10,0.26402938683243854,0.004952101338653799,0.21436136788708138,0.1619601526410195,0.5348230067810594,0.006612454123155651,0.4407536015009564,0.3483045110927357,0.2091419317962656,0.2201001687918896
MorganBit,"r=1,b=1024",RogotGoldberg,10,0.26470754450409717,0.004871989810356578,0.21418561900077393,0.16143699405554607,0.5365769853531261,0.0064399542536863474,0.43764892372841996,0.34532515460089624,0.20905455480204702,0.22045989052821843
MorganBit,"r=1,b=2048",Cosine,10,0.2647452199303005,0.004937013030305844,0.2140845363555404,0.1612368561624631,0.5338430175708735,0.006435444722000922,0.43535290591600395,0.34406826019231207,0.20873131394170172,0.2203932057557935
MorganBit,"r=3,b=2048",BraunBlanquet,10,0.26283319205048505,0.004995182300255592,0.21383002601896828,0.16268824772116885,0.5334762149297841,0.006687533435262841,0.44121630080767693,0.3508467223221514,0.2083528148551813,0.22026452897556728
RDKBit,-,RogotGoldberg,10,0.2642554393896581,0.004776937704974278,0.21334440609624278,0.1584683729974871,0.5301551485508873,0.006066767212649241,0.43261104604175743,0.33908484328674393,0.20840061629970502,0.21917220169322635
MorganBit,"r=1,b=1024",Cosine,10,0.26410473768484505,0.004901176919744686,0.2132572131497205,0.16071505867899197,0.5338059735485587,0.006417753852753458,0.4344334017149275,0.3431295666159542,0.20804993381571335,0.2193309729037189
MorganBit,"r=3,b=1024",Tanimoto,10,0.2631628520297636,0.004975395290127732,0.21322964368316163,0.16138259836310323,0.5356789051696107,0.006678125975139918,0.43987240684113954,0.34794643321185786,0.20791962846722312,0.21919326577920106
MorganBit,"r=3,b=1024",Dice,10,0.2631628520297636,0.004975395290127732,0.21322964368316163,0.16138259836310323,0.5356789051696107,0.006678125975139918,0.43987240684113954,0.34794643321185786,0.20791962846722312,0.21919326577920106
MorganBit,"r=3,b=1024",Sokal,10,0.2631628520297636,0.004975395290127732,0.21322964368316163,0.16138259836310323,0.5356789051696107,0.006678125975139918,0.43987240684113954,0.34794643321185786,0.20791962846722312,0.21919326577920106
MorganBit,"r=3,b=1024",OnBit,10,0.2631628520297636,0.004975395290127732,0.21322964368316163,0.16138259836310323,0.5356789051696107,0.006678125975139918,0.43987240684113954,0.34794643321185786,0.20791962846722312,0.21919326577920106
MorganCount,r=2,Tanimoto,10,0.2627295846284261,0.004943987723430351,0.21303324183586972,0.16164476746885148,0.533550367927629,0.006475741113710154,0.4364381710362768,0.349283374996943,0.20835986242738383,0.21902027153467057
MorganCount,r=2,Dice,10,0.2627295846284261,0.004943987723430351,0.21303324183586972,0.16164476746885148,0.533550367927629,0.006475741113710154,0.4364381710362768,0.349283374996943,0.20835986242738383,0.21902027153467057
MorganBit,"r=3,b=1024",RogotGoldberg,10,0.26241876236224926,0.0049308149301762255,0.21261769210106785,0.16102476521844442,0.5336177471718117,0.006626203504162755,0.4379175115330688,0.34639348349213817,0.2075360037037535,0.21864731994908834
MorganBit,"r=1,b=4096",BraunBlanquet,10,0.26270132805877366,0.004840377917427272,0.21243826537553578,0.16008295425334484,0.5336793520268124,0.0064412765977697,0.43583061982400306,0.3432449871163327,0.20741124334886696,0.21815322592099223
MorganBit,"r=3,b=4096",Cosine,10,0.262786097767731,0.004888362368328834,0.21236277996803568,0.16067618929993066,0.5334656135032004,0.006506976210770625,0.4372376154800165,0.3459331972815515,0.20712499542138915,0.21814554357267696
MorganBit,"r=3,b=2048",Cosine,10,0.26195723839125934,0.004966778319900073,0.2117863160459939,0.16059935630252797,0.530264620114262,0.006592043368638248,0.43499806135465424,0.34527176358685735,0.2065654450746108,0.21744622655190612
MorganBit,"r=1,b=2048",BraunBlanquet,10,0.2618442121126495,0.0047783895761391365,0.21177822778981298,0.1601817093391371,0.5286240474626924,0.006321013816714297,0.4325170773218727,0.3431418065016643,0.20684083365850814,0.21785825639398332
MorganBit,"r=3,b=1024",BraunBlanquet,10,0.26052557219553546,0.004905889241752269,0.211751823221518,0.16127339963688844,0.5301682474377839,0.006621193770502075,0.4374761288495156,0.3481208183982747,0.2065017887417753,0.21828978495105936
MorganCount,r=3,Tanimoto,10,0.2612225675802957,0.00489756616044469,0.2117315259594152,0.1608519213772981,0.5278426843054027,0.006444975875044596,0.43207473300218485,0.3470001184373858,0.20703691528336554,0.217544364589734
MorganCount,r=3,Dice,10,0.2612225675802957,0.00489756616044469,0.2117315259594152,0.1608519213772981,0.5278426843054027,0.006444975875044596,0.43207473300218485,0.3470001184373858,0.20703691528336554,0.217544364589734
MorganBit,"r=3,b=1024",Cosine,10,0.2612979184327023,0.004917542572194203,0.2110191213466957,0.15976588369821404,0.5321650172518205,0.006597218815912772,0.43489887929586313,0.34447539084838275,0.2059110248970707,0.21694431197175115
MorganBit,"r=1,b=1024",BraunBlanquet,10,0.2605820853348404,0.004818235915776858,0.21077274336157498,0.15935711288907461,0.5275670911014264,0.006303541288147315,0.43072497865649173,0.3411378969171856,0.2056532518742403,0.21643100869786552
FeatMorganBit,"r=3,b=4096",Tanimoto,10,0.26036545163417163,0.004867685827628877,0.210088549977357,0.15750154944357347,0.5230744757403151,0.006213371936769751,0.4258491607152211,0.3348608936855164,0.20456869468691058,0.21596539047879257
FeatMorganBit,"r=3,b=4096",Dice,10,0.26036545163417163,0.004867685827628877,0.210088549977357,0.15750154944357347,0.5230744757403151,0.006213371936769751,0.4258491607152211,0.3348608936855164,0.20456869468691058,0.21596539047879257
FeatMorganBit,"r=3,b=4096",Sokal,10,0.26036545163417163,0.004867685827628877,0.210088549977357,0.15750154944357347,0.5230744757403151,0.006213371936769751,0.4258491607152211,0.3348608936855164,0.20456869468691058,0.21596539047879257
FeatMorganBit,"r=3,b=4096",OnBit,10,0.26036545163417163,0.004867685827628877,0.210088549977357,0.15750154944357347,0.5230744757403151,0.006213371936769751,0.4258491607152211,0.3348608936855164,0.20456869468691058,0.21596539047879257
FeatMorganBit,"r=3,b=4096",BraunBlanquet,10,0.2594518225487426,0.004884297934384471,0.20997595014584275,0.1582682244792277,0.5227029242623972,0.006334844502847357,0.4273100816504478,0.33691658495852117,0.20428438405910854,0.21594915695627406
FeatMorganBit,"r=2,b=4096",Tanimoto,10,0.26103419044927945,0.004937759811122913,0.20995759298664682,0.15654470826481692,0.5247868815387833,0.006327549281442412,0.4253205695868571,0.3322916072929569,0.20471947337378957,0.21589107266599772
FeatMorganBit,"r=2,b=4096",Dice,10,0.26103419044927945,0.004937759811122913,0.20995759298664682,0.15654470826481692,0.5247868815387833,0.006327549281442412,0.4253205695868571,0.3322916072929569,0.20471947337378957,0.21589107266599772
FeatMorganBit,"r=2,b=4096",Sokal,10,0.26103419044927945,0.004937759811122913,0.20995759298664682,0.15654470826481692,0.5247868815387833,0.006327549281442412,0.4253205695868571,0.3322916072929569,0.20471947337378957,0.21589107266599772
FeatMorganBit,"r=2,b=4096",OnBit,10,0.26103419044927945,0.004937759811122913,0.20995759298664682,0.15654470826481692,0.5247868815387833,0.006327549281442412,0.4253205695868571,0.3322916072929569,0.20471947337378957,0.21589107266599772
FeatMorganBit,"r=2,b=2048",Tanimoto,10,0.26042196477347657,0.0049423512777489464,0.20992917196076888,0.15633400851622756,0.5243656983229361,0.006390416771068979,0.42547760037140975,0.33157514780298114,0.20490422695482383,0.2159216699536554
FeatMorganBit,"r=2,b=2048",Dice,10,0.26042196477347657,0.0049423512777489464,0.20992917196076888,0.15633400851622756,0.5243656983229361,0.006390416771068979,0.42547760037140975,0.33157514780298114,0.20490422695482383,0.2159216699536554
FeatMorganBit,"r=2,b=2048",Sokal,10,0.26042196477347657,0.0049423512777489464,0.20992917196076888,0.15633400851622756,0.5243656983229361,0.006390416771068979,0.42547760037140975,0.33157514780298114,0.20490422695482383,0.2159216699536554
FeatMorganBit,"r=2,b=2048",OnBit,10,0.26042196477347657,0.0049423512777489464,0.20992917196076888,0.15633400851622756,0.5243656983229361,0.006390416771068979,0.42547760037140975,0.33157514780298114,0.20490422695482383,0.2159216699536554
FeatMorganBit,"r=2,b=2048",RogotGoldberg,10,0.260497315625883,0.004908682460081518,0.20978912253419782,0.15622600895072422,0.5243341129461041,0.006374996393035765,0.42550827740937935,0.3313078403674917,0.20479384097285894,0.21593237179569325
FeatMorganBit,"r=3,b=4096",RogotGoldberg,10,0.2597909013845719,0.00484849707324268,0.20973667532589205,0.15744818186079124,0.5218152917326102,0.0061922607116285805,0.4252834153998631,0.3346313391881917,0.20421270453620102,0.21543035962749885
FeatMorganBit,"r=3,b=2048",BraunBlanquet,10,0.258971460864651,0.004872390294379351,0.20968806578548033,0.15785822881524406,0.5226597027946582,0.006298737760523264,0.4282358047286827,0.3358544352255557,0.20445998294140424,0.21578036198310285
FeatMorganBit,"r=2,b=4096",RogotGoldberg,10,0.26045022134312895,0.004907896681422486,0.20956667680101457,0.1564552951470725,0.524332513711058,0.006306268514242763,0.42559993923106476,0.332300008937442,0.20445197105324814,0.21542308238167643
MorganBit,"r=1,b=4096",Kulczynski,10,0.26069511161345016,0.004733625763201955,0.20948370151593756,0.15792800459507114,0.5254245769885288,0.006218715353914509,0.42457825550220235,0.3362795117035798,0.2045590376358072,0.21560429187765653
MorganBit,"r=1,b=4096",McConnaughey,10,0.26069511161345016,0.004733625763201955,0.20948370151593756,0.15792800459507114,0.5254245769885288,0.006218715353914509,0.42457825550220235,0.3362795117035798,0.2045590376358072,0.21560429187765653
FeatMorganBit,"r=3,b=2048",Tanimoto,10,0.25985683338042764,0.0047038780820761825,0.20945453981410467,0.15735500196765526,0.5222917887505822,0.006011179701561178,0.42441102095066835,0.33393192540457367,0.20410947449134437,0.2152930278222557
FeatMorganBit,"r=3,b=2048",Dice,10,0.25985683338042764,0.0047038780820761825,0.20945453981410467,0.15735500196765526,0.5222917887505822,0.006011179701561178,0.42441102095066835,0.33393192540457367,0.20410947449134437,0.2152930278222557
FeatMorganBit,"r=3,b=2048",Sokal,10,0.25985683338042764,0.0047038780820761825,0.20945453981410467,0.15735500196765526,0.5222917887505822,0.006011179701561178,0.42441102095066835,0.33393192540457367,0.20410947449134437,0.2152930278222557
FeatMorganBit,"r=3,b=2048",OnBit,10,0.25985683338042764,0.0047038780820761825,0.20945453981410467,0.15735500196765526,0.5222917887505822,0.006011179701561178,0.42441102095066835,0.33393192540457367,0.20410947449134437,0.2152930278222557
MorganBit,"r=1,b=2048",Kulczynski,10,0.2604219647734765,0.0047260370559112546,0.20931661710554053,0.15764232446551427,0.524459900965262,0.00613877142498532,0.42327835490387594,0.3353364117472374,0.2045897098431536,0.21537483255366136
MorganBit,"r=1,b=2048",McConnaughey,10,0.2604219647734765,0.0047260370559112546,0.20931661710554053,0.15764232446551427,0.524459900965262,0.00613877142498532,0.42327835490387594,0.3353364117472374,0.2045897098431536,0.21537483255366136
FeatMorganBit,"r=3,b=2048",RogotGoldberg,10,0.2595742676839032,0.004718512611295535,0.20915394747268162,0.15708687594068935,0.5226122998597593,0.006075615920686082,0.42410327906005285,0.33392314646219196,0.2036834992285508,0.21512771147201779
MorganCount,r=1,Tanimoto,10,0.2583780729019497,0.004749621401296702,0.20894398012258183,0.15869900359332664,0.5244624940082268,0.006230699491708043,0.4288322791828164,0.34314017788793866,0.20404346555346886,0.21548093036624402
MorganCount,r=1,Dice,10,0.2583780729019497,0.004749621401296702,0.20894398012258183,0.15869900359332664,0.5244624940082268,0.006230699491708043,0.4288322791828164,0.34314017788793866,0.20404346555346886,0.21548093036624402
FeatMorganBit,"r=2,b=1024",RogotGoldberg,10,0.2591504191391165,0.004757808724781844,0.20874309871196606,0.1558215570371914,0.5223125567559131,0.006141412425474604,0.42308111356356237,0.3309938220905031,0.20375051710269992,0.21481337145781046
FeatMorganBit,"r=3,b=1024",Tanimoto,10,0.25841574832815295,0.00464151437556509,0.20862684311111024,0.15642612967877173,0.5194972201172019,0.005971789966486669,0.42232143512907094,0.33295308134371554,0.2030564792669289,0.21432455427423866
FeatMorganBit,"r=3,b=1024",Dice,10,0.25841574832815295,0.00464151437556509,0.20862684311111024,0.15642612967877173,0.5194972201172019,0.005971789966486669,0.42232143512907094,0.33295308134371554,0.2030564792669289,0.21432455427423866
FeatMorganBit,"r=3,b=1024",Sokal,10,0.25841574832815295,0.00464151437556509,0.20862684311111024,0.15642612967877173,0.5194972201172019,0.005971789966486669,0.42232143512907094,0.33295308134371554,0.2030564792669289,0.21432455427423866
FeatMorganBit,"r=3,b=1024",OnBit,10,0.25841574832815295,0.00464151437556509,0.20862684311111024,0.15642612967877173,0.5194972201172019,0.005971789966486669,0.42232143512907094,0.33295308134371554,0.2030564792669289,0.21432455427423866
FeatMorganBit,"r=2,b=1024",Tanimoto,10,0.258820759159838,0.004792152456287083,0.20841067661562757,0.15558821057813826,0.5198926424212371,0.00612186397626036,0.421490168446021,0.33016329207527334,0.20305177036592792,0.21436357407669038
FeatMorganBit,"r=2,b=1024",Dice,10,0.258820759159838,0.004792152456287083,0.20841067661562757,0.15558821057813826,0.5198926424212371,0.00612186397626036,0.421490168446021,0.33016329207527334,0.20305177036592792,0.21436357407669038
FeatMorganBit,"r=2,b=1024",Sokal,10,0.258820759159838,0.004792152456287083,0.20841067661562757,0.15558821057813826,0.5198926424212371,0.00612186397626036,0.421490168446021,0.33016329207527334,0.20305177036592792,0.21436357407669038
FeatMorganBit,"r=2,b=1024",OnBit,10,0.258820759159838,0.004792152456287083,0.20841067661562757,0.15558821057813826,0.5198926424212371,0.00612186397626036,0.421490168446021,0.33016329207527334,0.20305177036592792,0.21436357407669038
FeatMorganBit,"r=2,b=4096",Cosine,10,0.25947066026184423,0.0047629018081902195,0.20840928621299384,0.15529889413731013,0.5212289627791282,0.006082030055785943,0.4220408008993599,0.32934119816928364,0.20349930398441127,0.2141072589376085
FeatMorganBit,"r=3,b=1024",BraunBlanquet,10,0.25744560610341904,0.004715852298977907,0.2083494070605543,0.15687406695419617,0.518172990191366,0.006094884880015098,0.42455027351883773,0.3349902480298523,0.2028195732061937,0.21431998219761356
FeatMorganBit,"r=3,b=1024",RogotGoldberg,10,0.25802957520956954,0.004726083555397309,0.20828252472485442,0.15650007679709732,0.5204758959045026,0.006102920235567312,0.42259410211809534,0.33273630714070984,0.2027740997516711,0.21415671088456734
FeatMorganBit,"r=2,b=2048",Cosine,10,0.25936705283978523,0.004913247883888726,0.2082056644882268,0.15502131100178665,0.5210945517688549,0.0063477065646212125,0.4216421714831216,0.3289104580882407,0.20304720271440338,0.21406834476357495
FeatMorganBit,"r=2,b=2048",BraunBlanquet,10,0.25852877460676277,0.004856544297133158,0.20802564694836523,0.15586154774503647,0.5222517718581476,0.0063481241746841345,0.42466129514518164,0.332320325667169,0.20278451132580122,0.21398521921641095
FeatMorganBit,"r=2,b=4096",BraunBlanquet,10,0.2586794763115758,0.004855775484406389,0.20796333859593255,0.15585081120033517,0.5224556981616132,0.006290255206513334,0.42539302992492595,0.33314994600038234,0.20267495068182054,0.2141749428327734
MorganBit,"r=1,b=1024",Kulczynski,10,0.2587925025901856,0.004682050076442467,0.20792110511593415,0.15702450024795347,0.5222566659143484,0.006114273292001692,0.42065328223030785,0.33473131700211955,0.20317561766394415,0.21415045586144413
MorganBit,"r=1,b=1024",McConnaughey,10,0.2587925025901856,0.004682050076442467,0.20792110511593415,0.15702450024795347,0.5222566659143484,0.006114273292001692,0.42065328223030785,0.33473131700211955,0.20317561766394415,0.21415045586144413
FeatMorganBit,"r=2,b=1024",Cosine,10,0.25861354431572003,0.004757754034463362,0.2075929155426155,0.15479498000094066,0.5182451613523752,0.006064834270187999,0.41895722836468463,0.3273532899858402,0.20248583097488154,0.21342810584525482
FeatMorganBit,"r=2,b=1024",BraunBlanquet,10,0.2573608363944617,0.004809650211661808,0.20730077436456354,0.15484201470359268,0.5196088848581892,0.00623081079655668,0.4227076719739292,0.33054571891054885,0.20237959346794823,0.21336856429528264
FeatMorganBit,"r=3,b=1024",Cosine,10,0.2572195535461995,0.004636969737302805,0.20687825891190775,0.15523606467590517,0.5174996370336574,0.005919579783318189,0.41969596401881515,0.3302662869802253,0.20157721169951556,0.21265501484964966
FeatMorganBit,"r=3,b=4096",Cosine,10,0.25765282094753694,0.004681898747797138,0.20673355176110192,0.15522955302621502,0.5174154587316088,0.005929124371713921,0.4184987146838101,0.32927432355145964,0.201545195654319,0.21233741829515707
FeatMorganBit,"r=3,b=2048",Cosine,10,0.2575021192427239,0.004634197874246729,0.20645293337579293,0.15524802340708432,0.517569360244606,0.005880710101597714,0.4183494680959136,0.3293395589567742,0.20130605798801263,0.21244127735392926
FeatMorganCount,r=3,Tanimoto,10,0.25599510219459354,0.004800614594469858,0.20640640561269874,0.15604619614442228,0.5192940170777162,0.0062512511200006485,0.4237977024285771,0.33522097678980894,0.20118678097121867,0.211899915251649
FeatMorganCount,r=3,Dice,10,0.25599510219459354,0.004800614594469858,0.20640640561269874,0.15604619614442228,0.5192940170777162,0.0062512511200006485,0.4237977024285771,0.33522097678980894,0.20118678097121867,0.211899915251649
FeatMorganCount,r=2,Tanimoto,10,0.2539700480361684,0.004694345602839319,0.20462302708594032,0.15411818510883843,0.5172251019063833,0.006212547567305077,0.4213261623585595,0.3312169186333973,0.1997119359992435,0.2103437979819726
FeatMorganCount,r=2,Dice,10,0.2539700480361684,0.004694345602839319,0.20462302708594032,0.15411818510883843,0.5172251019063833,0.006212547567305077,0.4213261623585595,0.3312169186333973,0.1997119359992435,0.2103437979819726
MorganBit,"r=2,b=4096",Kulczynski,10,0.25476123198643685,0.004653114157640404,0.20332992037720135,0.15610240976156464,0.5136700013004145,0.00614649161611613,0.4138948745720164,0.33420296002184396,0.19824427391099186,0.2089237825264691
MorganBit,"r=2,b=4096",McConnaughey,10,0.25476123198643685,0.004653114157640404,0.20332992037720135,0.15610240976156464,0.5136700013004145,0.00614649161611613,0.4138948745720164,0.33420296002184396,0.19824427391099186,0.2089237825264691
RDKBit,-,Tanimoto,10,0.25077705566544223,0.004437393227997363,0.20203106989240083,0.1516457062564043,0.5109673060544472,0.0057073251167983055,0.4141618125208541,0.3266998567079802,0.19695224223916122,0.20797025743753278
RDKBit,-,Sokal,10,0.25077705566544223,0.004437393227997363,0.20203106989240083,0.1516457062564043,0.5109673060544472,0.0057073251167983055,0.4141618125208541,0.3266998567079802,0.19695224223916122,0.20797025743753278
FeatMorganBit,"r=2,b=1024",Kulczynski,10,0.251040783648865,0.004413997524336996,0.20127679728762563,0.1500300913056333,0.507290871647356,0.005710998198090717,0.40769156128745815,0.31875485042625534,0.1964844313015621,0.2066865691070155
FeatMorganBit,"r=2,b=1024",McConnaughey,10,0.251040783648865,0.004413997524336996,0.20127679728762563,0.1500300913056333,0.507290871647356,0.005710998198090717,0.40769156128745815,0.31875485042625534,0.1964844313015621,0.2066865691070155
RDKBit,-,Dice,10,0.24875200150701704,0.004337542329673861,0.20095135123215088,0.15089206645295458,0.5050977730516802,0.0055085314382387,0.4109088085803151,0.32443875596672656,0.19570870079021216,0.2068206474977985
RDKBit,-,OnBit,10,0.24875200150701704,0.004337542329673861,0.20095135123215088,0.15089206645295458,0.5050977730516802,0.0055085314382387,0.4109088085803151,0.32443875596672656,0.19570870079021216,0.2068206474977985
FeatMorganBit,"r=2,b=2048",Kulczynski,10,0.24959027974003956,0.00439703268436038,0.20034554210787744,0.14960882260749567,0.5058024934450143,0.005781323550116458,0.4068693607042966,0.3187484205744606,0.1955272917508971,0.20613084788272576
FeatMorganBit,"r=2,b=2048",McConnaughey,10,0.24959027974003956,0.00439703268436038,0.20034554210787744,0.14960882260749567,0.5058024934450143,0.005781323550116458,0.4068693607042966,0.3187484205744606,0.1955272917508971,0.20613084788272576
FeatMorganBit,"r=2,b=4096",Kulczynski,10,0.2484882735235942,0.004365585779539608,0.19927329250120193,0.14933938302748137,0.5040987299045274,0.005701726787073035,0.40561052020923277,0.3185715541530472,0.19416516611929796,0.2048274410349679
FeatMorganBit,"r=2,b=4096",McConnaughey,10,0.2484882735235942,0.004365585779539608,0.19927329250120193,0.14933938302748137,0.5040987299045274,0.005701726787073035,0.40561052020923277,0.3185715541530472,0.19416516611929796,0.2048274410349679
TopTorsionCount,hashed,Tanimoto,10,0.244993877743242,0.004549513082656351,0.19878210820920625,0.150824627324898,0.48717076985575386,0.00568671744820526,0.3997955108621324,0.32093657064334413,0.19398276162369127,0.20454179692347255
TopTorsionCount,hashed,Dice,10,0.244993877743242,0.004549513082656351,0.19878210820920625,0.150824627324898,0.48717076985575386,0.00568671744820526,0.3997955108621324,0.32093657064334413,0.19398276162369127,0.20454179692347255
MorganBit,"r=2,b=2048",Kulczynski,10,0.24855420551944996,0.004613017167086867,0.19848108710690957,0.15288815591672197,0.5040359786605046,0.006131458485569597,0.406297694397694,0.32862769320181373,0.19334102935073752,0.20419239185187749
MorganBit,"r=2,b=2048",McConnaughey,10,0.24855420551944996,0.004613017167086867,0.19848108710690957,0.15288815591672197,0.5040359786605046,0.006131458485569597,0.406297694397694,0.32862769320181373,0.19334102935073752,0.20419239185187749
RDKBit,-,BraunBlanquet,10,0.24817745125741736,0.004276187941385843,0.1979232794443743,0.14853054889636308,0.5034113177844146,0.0054852099620544435,0.40663180632857976,0.3192291325586125,0.19355171444369193,0.20324064353758936
AtomPairCount,hashed,Tanimoto,10,0.24460770462465856,0.004264319178895719,0.19774474450230312,0.15096629923136895,0.500835058842541,0.0055228387059133915,0.4094452519905767,0.3280070527035326,0.19262957020112997,0.20349910894626919
AtomPairCount,hashed,Dice,10,0.24460770462465856,0.004264319178895719,0.19774474450230312,0.15096629923136895,0.500835058842541,0.0055228387059133915,0.4094452519905767,0.3280070527035326,0.19262957020112997,0.20349910894626919
MACCS,-,RogotGoldberg,10,0.2499293585758689,0.004398548781866847,0.19652954755102253,0.14778064370737426,0.5077192308420901,0.005840174280695389,0.4026440982287594,0.31631258970558146,0.19151806916057057,0.20201878361074108
RDKBit,-,Cosine,10,0.24232834133936143,0.00417584123641515,0.19621202556247766,0.14821819956014054,0.4980498741733003,0.005452598347623475,0.40388503329213943,0.31971732505563205,0.19087326797693427,0.20186123417295712
MACCS,-,Kulczynski,10,0.24932655175661678,0.004400912046926903,0.19616983880299785,0.14756306050403956,0.5053030542616518,0.0058396165650615025,0.40128563293551434,0.31607322198434723,0.19124839019781092,0.20195514250879465
MACCS,-,McConnaughey,10,0.24931713290006594,0.004414649927549736,0.1961200048290328,0.1474858515479517,0.5053395340375195,0.005845306901528504,0.40108161283334226,0.31587060920461135,0.19136214774597793,0.20185689874243318
MACCS,-,Cosine,10,0.24907224262974476,0.004327085246273785,0.19583362486936942,0.14723283307066926,0.5045639141295645,0.005788942744813589,0.4001694332719942,0.3154639283542421,0.19102037752795384,0.20163449183400087
MACCS,-,Tanimoto,10,0.24870490722426297,0.004344588875549712,0.19533290798973194,0.14689485380553327,0.5035421096521101,0.005771319836513422,0.3992078008645167,0.3146312003173697,0.1906764904032317,0.20082054583395006
MACCS,-,Dice,10,0.24870490722426297,0.004344588875549712,0.19533290798973194,0.14689485380553327,0.5035421096521101,0.005771319836513422,0.3992078008645167,0.3146312003173697,0.1906764904032317,0.20082054583395006
MACCS,-,Sokal,10,0.24870490722426297,0.004344588875549712,0.19533290798973194,0.14689485380553327,0.5035421096521101,0.005771319836513422,0.3992078008645167,0.3146312003173697,0.1906764904032317,0.20082054583395006
MACCS,-,OnBit,10,0.24870490722426297,0.004344588875549712,0.19533290798973194,0.14689485380553327,0.5035421096521101,0.005771319836513422,0.3992078008645167,0.3146312003173697,0.1906764904032317,0.20082054583395006
MorganBit,"r=2,b=1024",Kulczynski,10,0.24069887915607047,0.004343822685119537,0.19344455931462617,0.15033899581968735,0.4880356104873322,0.005800174388286959,0.3961459522716774,0.3230309779223911,0.18831781589175392,0.19932706901505173
MorganBit,"r=2,b=1024",McConnaughey,10,0.24069887915607047,0.004343822685119537,0.19344455931462617,0.15033899581968735,0.4880356104873322,0.005800174388286959,0.3961459522716774,0.3230309779223911,0.18831781589175392,0.19932706901505173
MorganBit,"r=2,b=4096",Russel,10,0.23934256381275318,0.0044023500949238415,0.19076968628230753,0.1432711121201938,0.48415276327017015,0.005751332037835183,0.3894412972191051,0.3082038092757853,0.18581255564413765,0.1968780537776841
MorganBit,"r=3,b=4096",Russel,10,0.23579165489309598,0.004268052882167164,0.18825677522272605,0.14198518465511553,0.4801333020016564,0.005659818143565589,0.3881965964202752,0.3070539327833277,0.18317995482312735,0.1939177212422126
MorganBit,"r=2,b=2048",Russel,10,0.23662051426956765,0.0043084351974075,0.1882488682421573,0.14122201245921298,0.48105364395720407,0.005623944799033164,0.38665583626835875,0.304219905867518,0.18348385394941624,0.19395809393739602
FeatMorganCount,r=1,Tanimoto,10,0.23867382499764528,0.004177515734051774,0.18810196237925014,0.14104848079214968,0.4910717858503342,0.005608234066710571,0.39071437993880076,0.30575056443189147,0.18328586780933842,0.1932898647563795
FeatMorganCount,r=1,Dice,10,0.23867382499764528,0.004177515734051774,0.18810196237925014,0.14104848079214968,0.4910717858503342,0.005608234066710571,0.39071437993880076,0.30575056443189147,0.18328586780933842,0.1932898647563795
FeatMorganBit,"r=1,b=2048",RogotGoldberg,10,0.24057643402090984,0.004175170842602419,0.18806090785816698,0.1370130292505677,0.4861694992838334,0.005504001611075623,0.3843789432362686,0.29141565730320695,0.18291312020554037,0.1936917521278393
FeatMorganBit,"r=1,b=2048",Tanimoto,10,0.24058585287746065,0.0041798036119315195,0.18790994825609125,0.13713235360690623,0.4865060947175282,0.005508289175537911,0.38441431212313687,0.29142464618481173,0.18283711180855503,0.19355676720548506
FeatMorganBit,"r=1,b=2048",Dice,10,0.24058585287746065,0.0041798036119315195,0.18790994825609125,0.13713235360690623,0.4865060947175282,0.005508289175537911,0.38441431212313687,0.29142464618481173,0.18283711180855503,0.19355676720548506
FeatMorganBit,"r=1,b=2048",Sokal,10,0.24058585287746065,0.0041798036119315195,0.18790994825609125,0.13713235360690623,0.4865060947175282,0.005508289175537911,0.38441431212313687,0.29142464618481173,0.18283711180855503,0.19355676720548506
FeatMorganBit,"r=1,b=2048",OnBit,10,0.24058585287746065,0.0041798036119315195,0.18790994825609125,0.13713235360690623,0.4865060947175282,0.005508289175537911,0.38441431212313687,0.29142464618481173,0.18283711180855503,0.19355676720548506
FeatMorganBit,"r=1,b=2048",Cosine,10,0.2400772346237167,0.004199322412898919,0.18732380010495298,0.13655910751483044,0.4851464629191217,0.005504493553197127,0.3825890475595253,0.2897247611969483,0.18220258035555437,0.19303631296243967
FeatMorganBit,"r=1,b=2048",Kulczynski,10,0.23944617123481207,0.004231133313528169,0.1872332295764056,0.13627503598105706,0.4853712216516052,0.005565159536787344,0.3823516764407861,0.2893433255537329,0.18204056051166817,0.19276726622173784
FeatMorganBit,"r=1,b=2048",McConnaughey,10,0.23944617123481207,0.004231133313528169,0.1872332295764056,0.13627503598105706,0.4853712216516052,0.005565159536787344,0.3823516764407861,0.2893433255537329,0.18204056051166817,0.19276726622173784
FeatMorganBit,"r=1,b=4096",RogotGoldberg,10,0.2400207214844118,0.004133851020072073,0.1870351345775194,0.13665446512801466,0.48479513645408845,0.005440513148281452,0.38114173335968965,0.29088197499038604,0.1822081960684497,0.19270284292486892
FeatMorganBit,"r=1,b=4096",Tanimoto,10,0.23977583121409063,0.004110835423274799,0.1868884956890043,0.13653905108609415,0.48541676927086463,0.005432839174169071,0.38190084040400224,0.2910790167373281,0.18181148233366373,0.19245744536315673
FeatMorganBit,"r=1,b=4096",Dice,10,0.23977583121409063,0.004110835423274799,0.1868884956890043,0.13653905108609415,0.48541676927086463,0.005432839174169071,0.38190084040400224,0.2910790167373281,0.18181148233366373,0.19245744536315673
FeatMorganBit,"r=1,b=4096",Sokal,10,0.23977583121409063,0.004110835423274799,0.1868884956890043,0.13653905108609415,0.48541676927086463,0.005432839174169071,0.38190084040400224,0.2910790167373281,0.18181148233366373,0.19245744536315673
FeatMorganBit,"r=1,b=4096",OnBit,10,0.23977583121409063,0.004110835423274799,0.1868884956890043,0.13653905108609415,0.48541676927086463,0.005432839174169071,0.38190084040400224,0.2910790167373281,0.18181148233366373,0.19245744536315673
FeatMorganBit,"r=1,b=4096",Cosine,10,0.23978525007064144,0.00415619033691624,0.1863331457037306,0.1359946258855067,0.485024698322591,0.005467477477423673,0.38025139318578716,0.2897841525759856,0.1812704852654697,0.19166818741954728
FeatMorganBit,"r=1,b=1024",Cosine,10,0.23923895639069417,0.004128896481795907,0.18620450106722122,0.13620514509308615,0.4864886188281816,0.005499659465619821,0.3825146242080683,0.2903384270550153,0.18114672747061838,0.19179941984328816
FeatMorganBit,"r=1,b=1024",Tanimoto,10,0.23923895639069417,0.0040833701694868866,0.1861896651222732,0.13618767611158475,0.4854452084404887,0.0054460997915936095,0.38189869153972206,0.2900411095097382,0.18126299428439863,0.19165931453897686
FeatMorganBit,"r=1,b=1024",Dice,10,0.23923895639069417,0.0040833701694868866,0.1861896651222732,0.13618767611158475,0.4854452084404887,0.0054460997915936095,0.38189869153972206,0.2900411095097382,0.18126299428439863,0.19165931453897686
FeatMorganBit,"r=1,b=1024",Sokal,10,0.23923895639069417,0.0040833701694868866,0.1861896651222732,0.13618767611158475,0.4854452084404887,0.0054460997915936095,0.38189869153972206,0.2900411095097382,0.18126299428439863,0.19165931453897686
FeatMorganBit,"r=1,b=1024",OnBit,10,0.23923895639069417,0.0040833701694868866,0.1861896651222732,0.13618767611158475,0.4854452084404887,0.0054460997915936095,0.38189869153972206,0.2900411095097382,0.18126299428439863,0.19165931453897686
FeatMorganBit,"r=1,b=1024",RogotGoldberg,10,0.23897522840727134,0.004114815737362768,0.18615166202949943,0.13611290633855858,0.48433816046664174,0.005475264825278772,0.3810863610664562,0.2899648116679435,0.18131044700697144,0.19161912713737028
FeatMorganBit,"r=1,b=4096",Kulczynski,10,0.23857963643213714,0.004152211787970714,0.185514916179652,0.13500235270075045,0.4827224820551261,0.005478019225708723,0.37911399656282146,0.28742781415142626,0.18041942037403322,0.19091222999277888
FeatMorganBit,"r=1,b=4096",McConnaughey,10,0.23857963643213714,0.004152211787970714,0.185514916179652,0.13500235270075045,0.4827224820551261,0.005478019225708723,0.37911399656282146,0.28742781415142626,0.18041942037403322,0.19091222999277888
MorganBit,"r=3,b=4096",Kulczynski,10,0.23878685127625504,0.004224115455234389,0.18510332647600705,0.14597743612045508,0.4869318358802997,0.005692233569490672,0.38292879106075617,0.31550972470182076,0.18075807419330484,0.19028666875476236
MorganBit,"r=3,b=4096",McConnaughey,10,0.23878685127625504,0.004224115455234389,0.18510332647600705,0.14597743612045508,0.4869318358802997,0.005692233569490672,0.38292879106075617,0.31550972470182076,0.18075807419330484,0.19028666875476236
FeatMorganBit,"r=1,b=1024",Kulczynski,10,0.2384289347273241,0.004196224421726571,0.18483449349725134,0.1351477118118977,0.4841290422230163,0.005563101146930142,0.37909671692943847,0.2881330383721486,0.17963572516225101,0.19049157292661814
FeatMorganBit,"r=1,b=1024",McConnaughey,10,0.2384289347273241,0.004196224421726571,0.18483449349725134,0.1351477118118977,0.4841290422230163,0.005563101146930142,0.37909671692943847,0.2881330383721486,0.17963572516225101,0.19049157292661814
RDKBit,-,Kulczynski,10,0.22699444287463502,0.003885372214198321,0.18461905023539665,0.14143093146529181,0.47174355751728975,0.005124859030821169,0.3829420897068999,0.3070498366180161,0.17988811673887792,0.19078170459064603
RDKBit,-,McConnaughey,10,0.2269756051615334,0.003888677613495098,0.1843968736124006,0.14130292308540868,0.47169145273357804,0.005117383704091044,0.38199667962856726,0.30643789326249443,0.1796771365012835,0.1905614654675565
MACCS,-,BraunBlanquet,10,0.23745879250259017,0.0042711641512259944,0.1834305203179022,0.13714564280121755,0.4845031555300687,0.005758253506806547,0.37768693184130253,0.2936487184685986,0.17883449376719213,0.18860963882298182
FeatMorganBit,"r=1,b=2048",BraunBlanquet,10,0.23512291607798816,0.004008234881529882,0.18210791019494044,0.13316320669128417,0.47820635876995565,0.005346942193064983,0.37473504573098426,0.2848675064646805,0.17760194678794564,0.18755504321834854
FeatMorganBit,"r=1,b=4096",BraunBlanquet,10,0.23446359611943113,0.003953070428148735,0.1814047535751609,0.13244413770285807,0.4769400796688354,0.005278482120764396,0.3738564639283183,0.2831816333561668,0.17651214931044784,0.18705765246587158
FeatMorganBit,"r=3,b=1024",Kulczynski,10,0.22317980597155504,0.003841509570748063,0.18139294422990382,0.13827112437379427,0.46563517349046984,0.005184847645647046,0.37788250900945364,0.29906338546753214,0.17700951687619884,0.1869037948834678
FeatMorganBit,"r=3,b=1024",McConnaughey,10,0.22317980597155504,0.003841509570748063,0.18139294422990382,0.13827112437379427,0.46563517349046984,0.005184847645647046,0.37788250900945364,0.29906338546753214,0.17700951687619884,0.1869037948834678
FeatMorganBit,"r=3,b=4096",Russel,10,0.22881228218894228,0.004154818102874753,0.1813262761856493,0.13601163292065185,0.4653799648407502,0.0053589831396038635,0.371734222273296,0.28896491309378175,0.17642320476273773,0.18711600438462725
MorganBit,"r=2,b=1024",Russel,10,0.22885937647169635,0.004016048971970763,0.18115025729924006,0.13570228407066404,0.4716296726737322,0.005320764648173812,0.37668787388301905,0.29452238936693986,0.17633638586513695,0.18736733423746882
MorganBit,"r=3,b=2048",Russel,10,0.22783272110765754,0.00427869740431342,0.1811269830056917,0.1369482837231947,0.4658132065018508,0.005730857916706555,0.37454619054659594,0.2968497900490366,0.17611397507890159,0.18700751621015113
FeatMorganBit,"r=1,b=1024",BraunBlanquet,10,0.23321088819817273,0.003960851209977927,0.18009161333052262,0.13215590990676185,0.47389726090130113,0.005292509719469537,0.3706220938993516,0.282713561031867,0.17542699788150481,0.18569713834954718
MorganBit,"r=1,b=4096",Russel,10,0.22846378449656216,0.003925325129169948,0.17893255575439806,0.13310645165006854,0.4707429621152074,0.005303685324581857,0.3708790264091056,0.2882293164716495,0.17423594665488562,0.18547454133532473
FeatMorganBit,"r=3,b=2048",Russel,10,0.22561928981821608,0.003995123615496377,0.178314398441553,0.13421927924426655,0.46114987926392065,0.0051624060640523784,0.36787403617573444,0.28661452133863785,0.17335434607345812,0.1839577333484334
MorganBit,"r=1,b=2048",Russel,10,0.2281435433738344,0.003916487819564152,0.17811487379479748,0.1322614755887339,0.4669803161502946,0.005234332304843425,0.3672870063514995,0.2851145549621275,0.17351486170352728,0.18452348210641512
FeatMorganBit,"r=3,b=2048",Kulczynski,10,0.21604973156258833,0.003708854005971513,0.17667802909679145,0.13657280275304612,0.4512771567453425,0.004986380895555268,0.36836427683345285,0.2946260076917154,0.17234576071095922,0.18217795200793577
FeatMorganBit,"r=3,b=2048",McConnaughey,10,0.21604973156258833,0.003708854005971513,0.17667802909679145,0.13657280275304612,0.4512771567453425,0.004986380895555268,0.36836427683345285,0.2946260076917154,0.17234576071095922,0.18217795200793577
FeatMorganBit,"r=2,b=4096",Russel,10,0.22623151549401904,0.004085197676240722,0.17666883076108847,0.13186359980050902,0.4621835015548019,0.0053237777342707675,0.364450244545569,0.2813673881562806,0.17180974143369948,0.18290928417063976
FeatMorganBit,"r=3,b=4096",Kulczynski,10,0.21480644249788078,0.003722134906951027,0.1755848268948721,0.13559584553812637,0.4490310379639201,0.005030420628047098,0.3671871462998916,0.29313233941215583,0.1710325841511293,0.18109366823909245
FeatMorganBit,"r=3,b=4096",McConnaughey,10,0.21480644249788078,0.003722134906951027,0.1755848268948721,0.13559584553812637,0.4490310379639201,0.005030420628047098,0.3671871462998916,0.29313233941215583,0.1710325841511293,0.18109366823909245
MorganBit,"r=1,b=1024",Russel,10,0.22439483846661015,0.0037963026303851526,0.17532949739187376,0.13018450124244543,0.45961538192449747,0.005120894773299596,0.36213959981858457,0.28011342282440077,0.17069707410883414,0.18138113267543368
MorganBit,"r=3,b=2048",Kulczynski,10,0.22541207497409813,0.003956960763261183,0.17430288189601084,0.13981693673764156,0.45839838987750414,0.005309109620476036,0.3609365276738992,0.3029272717466842,0.17017163601676058,0.17915491908815998
MorganBit,"r=3,b=2048",McConnaughey,10,0.22541207497409813,0.003956960763261183,0.17430288189601084,0.13981693673764156,0.45839838987750414,0.005309109620476036,0.3609365276738992,0.3029272717466842,0.17017163601676058,0.17915491908815998
FeatMorganBit,"r=2,b=2048",Russel,10,0.2231892248281059,0.003911967913358581,0.1741771395381172,0.13018130732271913,0.45801096402910674,0.005082389671915315,0.3605454041973152,0.27842438150286,0.16951288607967754,0.18029759475294937
FeatMorganBit,"r=2,b=1024",Russel,10,0.21781105773759066,0.0037266909341763946,0.16966938692214192,0.12685758555815776,0.4446872399313976,0.004873239289131195,0.3501853419587937,0.27071708069505634,0.16489878121117527,0.17520537798020844
FeatMorganBit,"r=3,b=1024",Russel,10,0.214693416219271,0.0036938586540733367,0.16815853905846034,0.12763157001297157,0.4407777605932396,0.0049055480514150355,0.3493639467050568,0.273868858995672,0.16367507215516894,0.17399161799856985
MorganBit,"r=3,b=1024",Kulczynski,10,0.2103324856362438,0.0036709946807493717,0.1653286209149447,0.1345180472370177,0.43417541939509025,0.0050486442539585666,0.3450225885670779,0.29290963168676176,0.16115415864942567,0.17054746486990766
MorganBit,"r=3,b=1024",McConnaughey,10,0.2103324856362438,0.0036709946807493717,0.1653286209149447,0.1345180472370177,0.43417541939509025,0.0050486442539585666,0.3450225885670779,0.29290963168676176,0.16115415864942567,0.17054746486990766
MorganBit,"r=3,b=1024",Russel,10,0.2092493171329001,0.003482851218098064,0.16311537027817521,0.12454585514609919,0.4357438229610805,0.004755967804521216,0.3425176722437519,0.2730147402087532,0.15879857588384008,0.16884542818545478
Descriptors,p=12,Mahalanobis,10,0.2050673448243383,0.0034891870968375154,0.15237864999379552,0.11002593150711701,0.43602981912038696,0.004928093199673887,0.3303608489577914,0.2430989225369972,0.14871839637239467,0.15661629307071168
FeatMorganBit,"r=1,b=4096",Russel,10,0.18359235188848075,0.002995961699667906,0.13301712138813016,0.09465367623603432,0.38400171571510894,0.004194830194157769,0.27761827675132006,0.20256992101935276,0.12909369893447317,0.13846925892660913
FeatMorganBit,"r=1,b=2048",Russel,10,0.1845719129697655,0.0029981873906971255,0.13297718842646786,0.09384269594362248,0.38400027088666766,0.004202231344368101,0.27765322217764143,0.19963219523646483,0.12940157537851094,0.1382668367667308
Descriptors,p=12,Manhattan,10,0.18465668267872282,0.0031101212134393365,0.13214273940715024,0.09568250875831615,0.3998085831399526,0.004653588213746655,0.2945938886976959,0.2140370991740193,0.12838504664015932,0.1361749447015942
FeatMorganBit,"r=1,b=1024",Russel,10,0.18248092681548458,0.003020973399416679,0.13157881714112285,0.09295759161158294,0.38195619063902037,0.004281357633661279,0.2759958619530738,0.1984489057174296,0.12795271920893567,0.1366818722332109
Descriptors,p=12,Euclidean,10,0.18489215409249318,0.0031100840949456277,0.1314352842326846,0.09535179359538812,0.39820600973591064,0.004543488180469017,0.2912951181725223,0.2133984624468006,0.12766895671960662,0.13577105721805846
Descriptors,p=12,Cosine,10,0.18295186964302534,0.0030217386561168834,0.1303935325346741,0.0929619989952085,0.39568563074852753,0.004404156457050195,0.2896878039214946,0.20942533517077275,0.1269550534594862,0.1347979649663388
Descriptors,p=12,Correlation,10,0.1796175944240369,0.002990212028461465,0.12738825573242077,0.09027206800801992,0.3886064658052525,0.004401109991826121,0.28320621373242494,0.2041354477226591,0.12400447582568239,0.131541554443981
MorganBit,"r=2,b=4096",Asymmetric,10,0.19356692097579353,0.0032938542624882427,0.12341906735379467,0.09390597939945802,0.39614878019460886,0.004453770511089616,0.2570597317862038,0.20223204478846396,0.12006306167407467,0.12713799372375242
MorganBit,"r=1,b=4096",Asymmetric,10,0.18653103513233496,0.003152049716406836,0.12067185974575066,0.08827815101340016,0.38493542675878295,0.004330006225213043,0.25481568008318217,0.19018557641228828,0.117558062858907,0.12440608372167429
MorganBit,"r=1,b=2048",Asymmetric,10,0.1802580766694923,0.002811857997552028,0.1113076120059025,0.07972426816097933,0.3735413691799087,0.0039041894192167565,0.23823745409190167,0.17352373315911251,0.1078732327029427,0.11472655727898205
MACCS,-,Russel,10,0.15648488273523595,0.002485660814985181,0.10543215732181539,0.07026706561525234,0.32941739481802074,0.003676790623551324,0.2211035036928892,0.15446451589078639,0.10199689233798445,0.10902977657500475
MorganBit,"r=2,b=2048",Asymmetric,10,0.18009795610812848,0.0030394689256732998,0.1038856558290014,0.0792075539329017,0.3721598344102539,0.004103811303647204,0.22139386512078632,0.17339839968687382,0.10092835576665754,0.10705155936271715
MorganBit,"r=3,b=4096",Asymmetric,10,0.17247810115851936,0.002862897470040573,0.10306852517152035,0.08022630746687234,0.3596096173313341,0.003981478226124517,0.21856202407562622,0.17538351205625152,0.1000250635492494,0.10617674180634235
MorganBit,"r=1,b=1024",Asymmetric,10,0.16671376094942075,0.002586881782154328,0.09422450853752068,0.06869047787015554,0.3488079058294147,0.0036107649694247365,0.2037050294391609,0.1506249236277865,0.09133378409289683,0.09727356839921299
MorganBit,"r=3,b=2048",Asymmetric,10,0.15378167090515213,0.00252730338664878,0.07972425113861017,0.0637151369058404,0.3227319660044953,0.003577534489410887,0.17199167265842769,0.1405230755992227,0.07714364812123713,0.08251550244429294
MorganBit,"r=2,b=1024",Asymmetric,10,0.15105962136196666,0.0023713416557773898,0.07493402564420742,0.06059546835285565,0.3154142804354489,0.0032199163644619946,0.1628094926542597,0.1325773650721485,0.07238595318952881,0.07749982943896007
RDKBit,-,Asymmetric,10,0.11115192615616463,0.0014516722293943585,0.061196845131572454,0.0331436757792567,0.24129168672375675,0.0021382707081279858,0.1365088686154936,0.0726874819283287,0.05867256485181746,0.0633676074123411
MACCS,-,Asymmetric,10,0.10968258453423754,0.001660327011718606,0.05607424301546934,0.033374677116249675,0.2375734418383651,0.0024909842107231905,0.12290888675220185,0.07381895281944245,0.05440352895027591,0.05827923667269175
RDKBit,-,Russel,10,0.09422624093435057,0.0014745323806005946,0.05511377754454896,0.04246535653885851,0.2289865241288612,0.0022960874015682227,0.13659510014964305,0.10585680034434194,0.053008193097024675,0.05770524510705352
MorganBit,"r=3,b=1024",Asymmetric,10,0.11723650748799096,0.0017709866882389062,0.052150070790929794,0.04385491353162413,0.24703373161005032,0.0024565636215352,0.114232456351167,0.09651385406997139,0.05023283142414606,0.05407624106516802
FeatMorganBit,"r=1,b=1024",Asymmetric,10,0.04828105867947632,0.00065362548149391,0.021078672120633125,0.011316313020528792,0.11717020479653735,0.0011276260569696094,0.052300219491806306,0.02729502032697298,0.019917436060167056,0.02227309647525457
Random,-,Random,10,0.05301874352453613,0.0004951500096806652,0.020322801407147265,0.007597570049356316,0.12489145801832036,0.000912127298927217,0.04917763763099784,0.018627655738974826,,
FeatMorganBit,"r=1,b=2048",Asymmetric,10,0.046868230196854106,0.0006557696478713428,0.020042848322023233,0.011033351329536431,0.10998871563349803,0.0010414869308572356,0.04789859988287967,0.025361226169814653,0.01898268574956905,0.02116594576906459
FeatMorganBit,"r=1,b=4096",Asymmetric,10,0.045540171423189224,0.0006848572523233073,0.019202290127692784,0.010956047054237772,0.10926951693695418,0.0010938506887662452,0.04873826129558413,0.026002995243891387,0.018202242005558623,0.020352574431392604
FeatMorganBit,"r=2,b=1024",Asymmetric,10,0.031628520297635875,0.0004300058511321292,0.01246348698029964,0.0060193848504801915,0.08184161406016102,0.000789467101837391,0.032276849796921636,0.01575615389043717,0.011786214662468548,0.013390670248822269
FeatMorganBit,"r=3,b=1024",Asymmetric,10,0.02973533013092211,0.00037043839486200866,0.011802728029769567,0.005406875000708522,0.07698799146177916,0.0007051388688054873,0.03131437981947594,0.014013465133252767,0.011076758261308982,0.012583387809458025
FeatMorganBit,"r=2,b=2048",Asymmetric,10,0.028548554205519452,0.00038694128674795364,0.011357406734631939,0.006098571494649069,0.07258562727935079,0.0006911455844663678,0.02879493041384813,0.01567998881895327,0.010486642603730764,0.012133051907617464
FeatMorganBit,"r=2,b=4096",Asymmetric,10,0.02849204106621456,0.0003665299391119374,0.011302915659372284,0.005607390786572269,0.07629691574558348,0.0007256699485159212,0.031151597358873784,0.014557994669090794,0.010608932626769586,0.012119386810012693
FeatMorganBit,"r=3,b=4096",Asymmetric,10,0.027860977677309974,0.00038242879806997234,0.01112961991176176,0.005320861822393178,0.07195586405738826,0.0006862271206554236,0.03022786417461589,0.01354063584185584,0.010405172391238369,0.011920607448969982
FeatMorganBit,"r=3,b=2048",Asymmetric,10,0.027239333144956208,0.0003610339853069249,0.01081663728880457,0.005493807901458494,0.06982286606464022,0.0006728053936583804,0.028280142387722102,0.013496570860441339,0.010157067375472997,0.011663281578211643
MorganBit,"r=2,b=4096",Tanimoto,1,0.32815296223038526,0.0010490505693515485,0.32815296223038526,0.17557626528945713,0.649358453072681,0.0012982302588107572,0.649358453072681,0.37918849871371435,0.3198596590373929,0.3372939625129509
MorganBit,"r=2,b=4096",Dice,1,0.32815296223038526,0.0010490505693515485,0.32815296223038526,0.17557626528945713,0.649358453072681,0.0012982302588107572,0.649358453072681,0.37918849871371435,0.3198596590373929,0.3372939625129509
MorganBit,"r=2,b=4096",Sokal,1,0.32815296223038526,0.0010490505693515485,0.32815296223038526,0.17557626528945713,0.649358453072681,0.0012982302588107572,0.649358453072681,0.37918849871371435,0.3198596590373929,0.3372939625129509
MorganBit,"r=2,b=4096",OnBit,1,0.32815296223038526,0.0010490505693515485,0.32815296223038526,0.17557626528945713,0.649358453072681,0.0012982302588107572,0.649358453072681,0.37918849871371435,0.3198596590373929,0.3372939625129509
MorganBit,"r=2,b=4096",RogotGoldberg,1,0.32777620796835266,0.001050079674590953,0.32777620796835266,0.1753441139944675,0.6488563279117933,0.0013098018418798583,0.6488563279117933,0.37911040429697573,0.31939107092398983,0.3372021286615805
MorganBit,"r=2,b=2048",Tanimoto,1,0.32721107657530374,0.0010383063752896812,0.32721107657530374,0.17494886329519044,0.6492707457878274,0.0012809557688612202,0.6492707457878274,0.3779657232213713,0.3188188753885278,0.3362578882923613
MorganBit,"r=2,b=2048",Dice,1,0.32721107657530374,0.0010383063752896812,0.32721107657530374,0.17494886329519044,0.6492707457878274,0.0012809557688612202,0.6492707457878274,0.3779657232213713,0.3188188753885278,0.3362578882923613
MorganBit,"r=2,b=2048",Sokal,1,0.32721107657530374,0.0010383063752896812,0.32721107657530374,0.17494886329519044,0.6492707457878274,0.0012809557688612202,0.6492707457878274,0.3779657232213713,0.3188188753885278,0.3362578882923613
MorganBit,"r=2,b=2048",OnBit,1,0.32721107657530374,0.0010383063752896812,0.32721107657530374,0.17494886329519044,0.6492707457878274,0.0012809557688612202,0.6492707457878274,0.3779657232213713,0.3188188753885278,0.3362578882923613
MorganBit,"r=2,b=4096",BraunBlanquet,1,0.3253273052651408,0.0010677361868975542,0.3253273052651408,0.17487275200713845,0.6415758162168635,0.0013067568537468474,0.6415758162168635,0.3768386452937095,0.3173966280493548,0.3339926532918904
MorganCount,r=2,Tanimoto,1,0.3242912310445512,0.0009300321880379489,0.3242912310445512,0.17485169023955133,0.6439410380751929,0.0011490710512741008,0.6439410380751929,0.3833873702239658,0.3161910144108505,0.3339055288687954
MorganCount,r=2,Dice,1,0.3242912310445512,0.0009300321880379489,0.3242912310445512,0.17485169023955133,0.6439410380751929,0.0011490710512741008,0.6439410380751929,0.3833873702239658,0.3161910144108505,0.3339055288687954
MorganBit,"r=2,b=2048",BraunBlanquet,1,0.32513892813412454,0.0010564223664607012,0.32513892813412454,0.17481576791745723,0.6381244408030392,0.0012797322436165148,0.6381244408030392,0.3750052169375557,0.3169351040783649,0.3336182537439955
MorganBit,"r=3,b=4096",BraunBlanquet,1,0.32221908260337195,0.0010604778501530215,0.32221908260337195,0.1748067165970587,0.6387190453439253,0.0013013857944206223,0.6387190453439253,0.3761665346214128,0.3143048883865499,0.33061128379014787
MorganBit,"r=3,b=2048",Tanimoto,1,0.3253273052651408,0.0009364541839421044,0.3253273052651408,0.1747597334586447,0.6464301765352739,0.0011490272560731956,0.6464301765352739,0.3796678737114093,0.3167561458038994,0.3350381463690308
MorganBit,"r=3,b=2048",Dice,1,0.3253273052651408,0.0009364541839421044,0.3253273052651408,0.1747597334586447,0.6464301765352739,0.0011490272560731956,0.6464301765352739,0.3796678737114093,0.3167561458038994,0.3350381463690308
MorganBit,"r=3,b=2048",Sokal,1,0.3253273052651408,0.0009364541839421044,0.3253273052651408,0.1747597334586447,0.6464301765352739,0.0011490272560731956,0.6464301765352739,0.3796678737114093,0.3167561458038994,0.3350381463690308
MorganBit,"r=3,b=2048",OnBit,1,0.3253273052651408,0.0009364541839421044,0.3253273052651408,0.1747597334586447,0.6464301765352739,0.0011490272560731956,0.6464301765352739,0.3796678737114093,0.3167561458038994,0.3350381463690308
MorganBit,"r=3,b=2048",RogotGoldberg,1,0.3253273052651408,0.000935592058385155,0.3253273052651408,0.1747280225646534,0.6475832992205188,0.0011485838450716892,0.6475832992205188,0.3795979479576578,0.3167561458038994,0.33494395780352265
RDKBit,-,RogotGoldberg,1,0.3253273052651408,0.0008948591141015456,0.3253273052651408,0.17471197784183065,0.6388779584259238,0.0010859936409362354,0.6388779584259238,0.37629722115232755,0.31760148817933503,0.3333333333333333
MorganBit,"r=3,b=4096",Tanimoto,1,0.3253273052651408,0.0009466922153307869,0.3253273052651408,0.1747103336662583,0.6470829641312538,0.0011693268388382734,0.6470829641312538,0.38014004016181907,0.316751436375624,0.3345648488273524
MorganBit,"r=3,b=4096",Dice,1,0.3253273052651408,0.0009466922153307869,0.3253273052651408,0.1747103336662583,0.6470829641312538,0.0011693268388382734,0.6470829641312538,0.38014004016181907,0.316751436375624,0.3345648488273524
MorganBit,"r=3,b=4096",Sokal,1,0.3253273052651408,0.0009466922153307869,0.3253273052651408,0.1747103336662583,0.6470829641312538,0.0011693268388382734,0.6470829641312538,0.38014004016181907,0.316751436375624,0.3345648488273524
MorganBit,"r=3,b=4096",OnBit,1,0.3253273052651408,0.0009466922153307869,0.3253273052651408,0.1747103336662583,0.6470829641312538,0.0011693268388382734,0.6470829641312538,0.38014004016181907,0.316751436375624,0.3345648488273524
MorganBit,"r=3,b=4096",RogotGoldberg,1,0.32513892813412454,0.0009436288425788761,0.32513892813412454,0.17469600831317228,0.6467745400982126,0.0011667097947284928,0.6467745400982126,0.3803570764488623,0.3167490816614863,0.3347485165300933
MorganBit,"r=2,b=2048",RogotGoldberg,1,0.32655175661674674,0.001032764911828922,0.32655175661674674,0.17451213753382708,0.6475597143372662,0.001278318389902892,0.6475597143372662,0.37711516130872264,0.31825374399547895,0.3358811340303287
MorganCount,r=3,Tanimoto,1,0.3227842139964208,0.0010332719414796229,0.3227842139964208,0.17441912817106034,0.6433634537533307,0.0013102345133403526,0.6433634537533307,0.38330245930619977,0.31523970989921823,0.3324879909578977
MorganCount,r=3,Dice,1,0.3227842139964208,0.0010332719414796229,0.3227842139964208,0.17441912817106034,0.6433634537533307,0.0013102345133403526,0.6433634537533307,0.38330245930619977,0.31523970989921823,0.3324879909578977
MorganBit,"r=2,b=1024",Tanimoto,1,0.3258924366581897,0.0009471329196941579,0.3258924366581897,0.17422868484245896,0.6436990142308998,0.0011326632698778645,0.6436990142308998,0.3743884588380922,0.31741546576245644,0.3355043797682961
MorganBit,"r=2,b=1024",Dice,1,0.3258924366581897,0.0009471329196941579,0.3258924366581897,0.17422868484245896,0.6436990142308998,0.0011326632698778645,0.6436990142308998,0.3743884588380922,0.31741546576245644,0.3355043797682961
MorganBit,"r=2,b=1024",Sokal,1,0.3258924366581897,0.0009471329196941579,0.3258924366581897,0.17422868484245896,0.6436990142308998,0.0011326632698778645,0.6436990142308998,0.3743884588380922,0.31741546576245644,0.3355043797682961
MorganBit,"r=2,b=1024",OnBit,1,0.3258924366581897,0.0009471329196941579,0.3258924366581897,0.17422868484245896,0.6436990142308998,0.0011326632698778645,0.6436990142308998,0.3743884588380922,0.31741546576245644,0.3355043797682961
MorganBit,"r=2,b=4096",Cosine,1,0.32542149383064894,0.0009415437901924503,0.32542149383064894,0.17414676365573284,0.6472475381047804,0.0011667639859269908,0.6472475381047804,0.37891827598258626,0.31666195723839125,0.3343835358387492
MorganBit,"r=2,b=1024",RogotGoldberg,1,0.32598662522369787,0.0009520575533100355,0.32598662522369787,0.17413656858253737,0.6421825264405336,0.0011451598915325053,0.6421825264405336,0.37426019849084585,0.3173212771969483,0.335791654893096
MorganBit,"r=3,b=4096",Cosine,1,0.32334934538946974,0.0009366029426681946,0.32334934538946974,0.1740712497636673,0.6464462534541526,0.0011641844383420976,0.6464462534541526,0.37896224535422035,0.3150442686257888,0.3326787228030517
MorganBit,"r=3,b=2048",Cosine,1,0.32400866534802675,0.0009256464543692437,0.32400866534802675,0.17399824230002586,0.6463925157394077,0.0011413158519771303,0.6463925157394077,0.37794644050146997,0.31524441932749364,0.3333333333333333
MorganBit,"r=2,b=2048",Cosine,1,0.32560987096166527,0.0009320660427453512,0.32560987096166527,0.17395535211546048,0.6477282158191139,0.0011495377768278342,0.6477282158191139,0.37706973324276843,0.317132900065932,0.33418103042290664
MorganBit,"r=3,b=2048",BraunBlanquet,1,0.32024112272770083,0.0009383918814093536,0.32024112272770083,0.17378694023039923,0.6358302830180131,0.001130768179818289,0.6358302830180131,0.3740252326670288,0.3118418573985118,0.32892295375341435
MorganBit,"r=2,b=1024",Cosine,1,0.3248563624376001,0.0009353030001034504,0.3248563624376001,0.17362044118844783,0.6426161824941127,0.001144351746129783,0.6426161824941127,0.3734610516736777,0.316647828953565,0.33343458604125464
MorganBit,"r=3,b=1024",RogotGoldberg,1,0.32400866534802675,0.0009357777129177755,0.32400866534802675,0.1733894473588235,0.6406954478114472,0.0011417197906510015,0.6406954478114472,0.3738778976839002,0.31599321842328343,0.3330507676368089
MorganBit,"r=2,b=1024",BraunBlanquet,1,0.3237260996515023,0.0010530043637084281,0.3237260996515023,0.17335827741706475,0.6397392450475863,0.0012853972014784222,0.6397392450475863,0.3748501042465637,0.31532918903645096,0.3315649430159179
MorganBit,"r=3,b=1024",Tanimoto,1,0.3237260996515023,0.0009365873407724811,0.3237260996515023,0.17333194951820183,0.6422813702554846,0.001143342236525495,0.6422813702554846,0.37441911746973083,0.31599792785155884,0.3327752660826976
MorganBit,"r=3,b=1024",Dice,1,0.3237260996515023,0.0009365873407724811,0.3237260996515023,0.17333194951820183,0.6422813702554846,0.001143342236525495,0.6422813702554846,0.37441911746973083,0.31599792785155884,0.3327752660826976
MorganBit,"r=3,b=1024",Sokal,1,0.3237260996515023,0.0009365873407724811,0.3237260996515023,0.17333194951820183,0.6422813702554846,0.001143342236525495,0.6422813702554846,0.37441911746973083,0.31599792785155884,0.3327752660826976
MorganBit,"r=3,b=1024",OnBit,1,0.3237260996515023,0.0009365873407724811,0.3237260996515023,0.17333194951820183,0.6422813702554846,0.001143342236525495,0.6422813702554846,0.37441911746973083,0.31599792785155884,0.3327752660826976
MorganBit,"r=3,b=1024",BraunBlanquet,1,0.32108881981727416,0.0009491372390287262,0.32108881981727416,0.17317337698562035,0.636780455278206,0.0011404173637354826,0.636780455278206,0.37372543675355363,0.3126071394932655,0.33051003108222665
MorganCount,r=1,Tanimoto,1,0.3207120655552416,0.0009181228592970952,0.3207120655552416,0.1729708870930005,0.6424695051580901,0.0011499719880823486,0.6424695051580901,0.37814254822745536,0.3127036827729114,0.3291913911651126
MorganCount,r=1,Dice,1,0.3207120655552416,0.0009181228592970952,0.3207120655552416,0.1729708870930005,0.6424695051580901,0.0011499719880823486,0.6424695051580901,0.37814254822745536,0.3127036827729114,0.3291913911651126
MorganBit,"r=3,b=1024",Cosine,1,0.3234435339549779,0.0009265353257827537,0.3234435339549779,0.17293828689304364,0.6412038672579391,0.0011353989225092898,0.6412038672579391,0.3728430811222607,0.3149618536309692,0.33222426297447494
MorganBit,"r=1,b=4096",RogotGoldberg,1,0.32476217387209194,0.0009480675835921883,0.32476217387209194,0.1725455518865721,0.6387943930224799,0.0011561729258251878,0.6387943930224799,0.3663071867749345,0.31684327022699443,0.33372421588019213
MorganBit,"r=1,b=2048",RogotGoldberg,1,0.32438541961005934,0.000944843022203742,0.32438541961005934,0.17243520507117982,0.6366350031747867,0.0011393154565556014,0.6366350031747867,0.36641460577277607,0.31673259866252235,0.3331661486295564
MorganBit,"r=1,b=2048",Tanimoto,1,0.323537722520486,0.0009423819617990822,0.323537722520486,0.17223623017638595,0.6345872556399825,0.0011373581917199361,0.6345872556399825,0.36586923480462924,0.3159861542808703,0.3324149948196289
MorganBit,"r=1,b=2048",Dice,1,0.323537722520486,0.0009423819617990822,0.323537722520486,0.17223623017638595,0.6345872556399825,0.0011373581917199361,0.6345872556399825,0.36586923480462924,0.3159861542808703,0.3324149948196289
MorganBit,"r=1,b=2048",Sokal,1,0.323537722520486,0.0009423819617990822,0.323537722520486,0.17223623017638595,0.6345872556399825,0.0011373581917199361,0.6345872556399825,0.36586923480462924,0.3159861542808703,0.3324149948196289
MorganBit,"r=1,b=2048",OnBit,1,0.323537722520486,0.0009423819617990822,0.323537722520486,0.17223623017638595,0.6345872556399825,0.0011373581917199361,0.6345872556399825,0.36586923480462924,0.3159861542808703,0.3324149948196289
MorganBit,"r=1,b=1024",RogotGoldberg,1,0.3239144767825186,0.0009313580646424272,0.3239144767825186,0.17202761613488457,0.6367950496293534,0.001131474596774215,0.6367950496293534,0.3651348281108271,0.3159060940001884,0.3326999152302911
MorganBit,"r=1,b=1024",Tanimoto,1,0.3234435339549779,0.0009307247413688458,0.3234435339549779,0.1719750595460535,0.6348043474967512,0.0011310078056082076,0.6348043474967512,0.3648384607747844,0.3157177168691721,0.33269049637374026
MorganBit,"r=1,b=1024",Dice,1,0.3234435339549779,0.0009307247413688458,0.3234435339549779,0.1719750595460535,0.6348043474967512,0.0011310078056082076,0.6348043474967512,0.3648384607747844,0.3157177168691721,0.33269049637374026
MorganBit,"r=1,b=1024",Sokal,1,0.3234435339549779,0.0009307247413688458,0.3234435339549779,0.1719750595460535,0.6348043474967512,0.0011310078056082076,0.6348043474967512,0.3648384607747844,0.3157177168691721,0.33269049637374026
MorganBit,"r=1,b=1024",OnBit,1,0.3234435339549779,0.0009307247413688458,0.3234435339549779,0.1719750595460535,0.6348043474967512,0.0011310078056082076,0.6348043474967512,0.3648384607747844,0.3157177168691721,0.33269049637374026
MorganBit,"r=1,b=4096",Tanimoto,1,0.3237260996515023,0.0009418326087745695,0.3237260996515023,0.17196706686511987,0.6367453965760834,0.0011476400562542763,0.6367453965760834,0.3653525835122282,0.3158048412922671,0.3330554770650843
MorganBit,"r=1,b=4096",Dice,1,0.3237260996515023,0.0009418326087745695,0.3237260996515023,0.17196706686511987,0.6367453965760834,0.0011476400562542763,0.6367453965760834,0.3653525835122282,0.3158048412922671,0.3330554770650843
MorganBit,"r=1,b=4096",Sokal,1,0.3237260996515023,0.0009418326087745695,0.3237260996515023,0.17196706686511987,0.6367453965760834,0.0011476400562542763,0.6367453965760834,0.3653525835122282,0.3158048412922671,0.3330554770650843
MorganBit,"r=1,b=4096",OnBit,1,0.3237260996515023,0.0009418326087745695,0.3237260996515023,0.17196706686511987,0.6367453965760834,0.0011476400562542763,0.6367453965760834,0.3653525835122282,0.3158048412922671,0.3330554770650843
MorganBit,"r=1,b=4096",BraunBlanquet,1,0.3216539512103231,0.0009666812428358709,0.3216539512103231,0.1717761913398194,0.6413982462113914,0.0011526907554936037,0.6413982462113914,0.3688625677268546,0.3137374022793633,0.3306207026466987
MorganBit,"r=1,b=4096",Cosine,1,0.32221908260337195,0.0009399349668781609,0.32221908260337195,0.17161339660311198,0.633676448516224,0.0011455525202098372,0.633676448516224,0.36458181428435077,0.31420363567862863,0.3312611848921541
MorganBit,"r=1,b=2048",Cosine,1,0.32259583686540455,0.0009396355987722143,0.32259583686540455,0.17156682306960278,0.6327456484760151,0.00113475414997985,0.6327456484760151,0.36413789854905565,0.31449562023170385,0.33136008288593766
MorganBit,"r=1,b=1024",BraunBlanquet,1,0.3212771969482905,0.000930898896139955,0.3212771969482905,0.17140070438777388,0.6338118251459438,0.0011143326501334369,0.6338118251459438,0.36442034614820623,0.31364085899971744,0.3299613826881417
MorganBit,"r=1,b=2048",BraunBlanquet,1,0.3213713855137986,0.0009630395573102201,0.3213713855137986,0.17132790731441178,0.6371768749461245,0.0011367295219510249,0.6371768749461245,0.36632188974976054,0.3129838937552981,0.3298648394084958
MorganBit,"r=1,b=1024",Cosine,1,0.3220307054723557,0.0009290755763379635,0.3220307054723557,0.17101052531808963,0.6323172533464059,0.0011222483500991146,0.6323172533464059,0.3630195422160507,0.3143943675237826,0.3312611848921541
MorganBit,"r=1,b=2048",Kulczynski,1,0.32108881981727416,0.0009321980919264697,0.32108881981727416,0.17065306426336602,0.628550785469434,0.0011491241747041058,0.628550785469434,0.35963960667266903,0.3123269285108788,0.3292078741640765
MorganBit,"r=1,b=2048",McConnaughey,1,0.32108881981727416,0.0009321980919264697,0.32108881981727416,0.17065306426336602,0.628550785469434,0.0011491241747041058,0.628550785469434,0.35963960667266903,0.3123269285108788,0.3292078741640765
RDKBit,-,Tanimoto,1,0.3153433173212772,0.00086263488429819,0.3153433173212772,0.1705621478366954,0.6214400381162287,0.0010554118413844446,0.6214400381162287,0.36705600240351843,0.30770933408684187,0.32458557031176416
RDKBit,-,Sokal,1,0.3153433173212772,0.00086263488429819,0.3153433173212772,0.1705621478366954,0.6214400381162287,0.0010554118413844446,0.6214400381162287,0.36705600240351843,0.30770933408684187,0.32458557031176416
MorganBit,"r=1,b=4096",Kulczynski,1,0.31901667137609496,0.0009315719306673876,0.31901667137609496,0.17044055804940672,0.6254205248191181,0.001154900633871435,0.6254205248191181,0.360873273104966,0.31072101346896486,0.3280634830931525
MorganBit,"r=1,b=4096",McConnaughey,1,0.31901667137609496,0.0009315719306673876,0.31901667137609496,0.17044055804940672,0.6254205248191181,0.001154900633871435,0.6254205248191181,0.360873273104966,0.31072101346896486,0.3280634830931525
FeatMorganBit,"r=3,b=2048",RogotGoldberg,1,0.3245737967410756,0.0009412849481125124,0.3245737967410756,0.17043700751241656,0.6336807837091688,0.0011437178191032067,0.6336807837091688,0.3632673679917208,0.31673730809079775,0.33269285108787794
FeatMorganCount,r=3,Tanimoto,1,0.32259583686540455,0.0009364289632787289,0.32259583686540455,0.17041682349885617,0.6440619722256884,0.0011431204752393146,0.6440619722256884,0.36964871169198116,0.3144932655175662,0.33230432325515685
FeatMorganCount,r=3,Dice,1,0.32259583686540455,0.0009364289632787289,0.32259583686540455,0.17041682349885617,0.6440619722256884,0.0011431204752393146,0.6440619722256884,0.36964871169198116,0.3144932655175662,0.33230432325515685
FeatMorganBit,"r=3,b=2048",Tanimoto,1,0.32438541961005934,0.000939882693091419,0.32438541961005934,0.17037368128898675,0.6341082500852987,0.0011437160338219352,0.6341082500852987,0.3633469719521314,0.31616511255533575,0.3324997645285862
FeatMorganBit,"r=3,b=2048",Dice,1,0.32438541961005934,0.000939882693091419,0.32438541961005934,0.17037368128898675,0.6341082500852987,0.0011437160338219352,0.6341082500852987,0.3633469719521314,0.31616511255533575,0.3324997645285862
FeatMorganBit,"r=3,b=2048",Sokal,1,0.32438541961005934,0.000939882693091419,0.32438541961005934,0.17037368128898675,0.6341082500852987,0.0011437160338219352,0.6341082500852987,0.3633469719521314,0.31616511255533575,0.3324997645285862
FeatMorganBit,"r=3,b=2048",OnBit,1,0.32438541961005934,0.000939882693091419,0.32438541961005934,0.17037368128898675,0.6341082500852987,0.0011437160338219352,0.6341082500852987,0.3633469719521314,0.31616511255533575,0.3324997645285862
MorganBit,"r=1,b=1024",Kulczynski,1,0.320335311293209,0.0009221997461784175,0.320335311293209,0.17030671559994323,0.6271147511551678,0.0011412307582418773,0.6271147511551678,0.35920318251236977,0.312508241499482,0.3286333239144768
MorganBit,"r=1,b=1024",McConnaughey,1,0.320335311293209,0.0009221997461784175,0.320335311293209,0.17030671559994323,0.6271147511551678,0.0011412307582418773,0.6271147511551678,0.35920318251236977,0.312508241499482,0.3286333239144768
FeatMorganBit,"r=3,b=4096",RogotGoldberg,1,0.3257040595271734,0.0009382182952132396,0.3257040595271734,0.17024813096348856,0.63986909587814,0.0011373037732704098,0.63986909587814,0.3637934019627518,0.31741075633418103,0.3332462089102383
MorganBit,"r=2,b=4096",Kulczynski,1,0.3165677686728831,0.0009172031543904,0.3165677686728831,0.17023905345698148,0.6341683189247609,0.0011449473055761444,0.6341683189247609,0.3721065612250807,0.3084463596119431,0.32571112366958654
MorganBit,"r=2,b=4096",McConnaughey,1,0.3165677686728831,0.0009172031543904,0.3165677686728831,0.17023905345698148,0.6341683189247609,0.0011449473055761444,0.6341683189247609,0.3721065612250807,0.3084463596119431,0.32571112366958654
FeatMorganBit,"r=3,b=4096",Tanimoto,1,0.3258924366581897,0.0009403256961519434,0.3258924366581897,0.17020349055667208,0.6402293415225291,0.0011377673862306263,0.6402293415225291,0.36389020255969173,0.3177804464538005,0.3333333333333333
FeatMorganBit,"r=3,b=4096",Dice,1,0.3258924366581897,0.0009403256961519434,0.3258924366581897,0.17020349055667208,0.6402293415225291,0.0011377673862306263,0.6402293415225291,0.36389020255969173,0.3177804464538005,0.3333333333333333
FeatMorganBit,"r=3,b=4096",Sokal,1,0.3258924366581897,0.0009403256961519434,0.3258924366581897,0.17020349055667208,0.6402293415225291,0.0011377673862306263,0.6402293415225291,0.36389020255969173,0.3177804464538005,0.3333333333333333
FeatMorganBit,"r=3,b=4096",OnBit,1,0.3258924366581897,0.0009403256961519434,0.3258924366581897,0.17020349055667208,0.6402293415225291,0.0011377673862306263,0.6402293415225291,0.36389020255969173,0.3177804464538005,0.3333333333333333
FeatMorganBit,"r=3,b=1024",Tanimoto,1,0.32259583686540455,0.0009058535868711152,0.32259583686540455,0.1700442771537163,0.6309042025750343,0.0010809216922874397,0.6309042025750343,0.3628741091186392,0.3146816426485825,0.3309974569087313
FeatMorganBit,"r=3,b=1024",Dice,1,0.32259583686540455,0.0009058535868711152,0.32259583686540455,0.1700442771537163,0.6309042025750343,0.0010809216922874397,0.6309042025750343,0.3628741091186392,0.3146816426485825,0.3309974569087313
FeatMorganBit,"r=3,b=1024",Sokal,1,0.32259583686540455,0.0009058535868711152,0.32259583686540455,0.1700442771537163,0.6309042025750343,0.0010809216922874397,0.6309042025750343,0.3628741091186392,0.3146816426485825,0.3309974569087313
FeatMorganBit,"r=3,b=1024",OnBit,1,0.32259583686540455,0.0009058535868711152,0.32259583686540455,0.1700442771537163,0.6309042025750343,0.0010809216922874397,0.6309042025750343,0.3628741091186392,0.3146816426485825,0.3309974569087313
FeatMorganBit,"r=3,b=4096",BraunBlanquet,1,0.3225016482998964,0.0010352050004121154,0.3225016482998964,0.17002604591018933,0.639270881671884,0.001283272467733932,0.639270881671884,0.36275720316632143,0.31449091080342845,0.33126353960629185
FeatMorganBit,"r=3,b=2048",BraunBlanquet,1,0.32259583686540455,0.001034919137392713,0.32259583686540455,0.16991440642144773,0.6390356360816373,0.0012779585861956554,0.6390356360816373,0.363203876698117,0.31429311481586136,0.33192285956484885
FeatMorganBit,"r=3,b=1024",RogotGoldberg,1,0.3216539512103231,0.0009088272652271512,0.3216539512103231,0.169439070683856,0.6277640058710845,0.0010788215722759202,0.6277640058710845,0.36198873214207805,0.3135513798624847,0.3306042196477348
FeatMorganBit,"r=3,b=2048",Cosine,1,0.323537722520486,0.0009332640354395863,0.323537722520486,0.1693394596969136,0.63309811685034,0.00113809099052636,0.63309811685034,0.36192753861796456,0.3158990298577753,0.33192756899312426
FeatMorganBit,"r=3,b=1024",BraunBlanquet,1,0.320335311293209,0.0009098713830772024,0.320335311293209,0.16920721044491058,0.6323572322360175,0.0010645231233976963,0.6323572322360175,0.3605635182533189,0.31204200810021665,0.3290171423189225
FeatMorganBit,"r=3,b=4096",Cosine,1,0.32438541961005934,0.000936301233791209,0.32438541961005934,0.16918857753618535,0.6384967269199117,0.001148750532544809,0.6384967269199117,0.362496990091723,0.3161863049825751,0.33268107751718945
FeatMorganBit,"r=3,b=1024",Cosine,1,0.32259583686540455,0.0009089773879299079,0.32259583686540455,0.1690938246083274,0.6339385758366173,0.0010901527529969008,0.6339385758366173,0.3619266310398728,0.31495478948855604,0.3310751624752755
MorganBit,"r=2,b=2048",Kulczynski,1,0.3167561458038994,0.0009020982681351094,0.3167561458038994,0.16906725124466898,0.6371111471894163,0.001109455175006021,0.6371111471894163,0.368843543046109,0.3087477630215692,0.32608787793161914
MorganBit,"r=2,b=2048",McConnaughey,1,0.3167561458038994,0.0009020982681351094,0.3167561458038994,0.16906725124466898,0.6371111471894163,0.001109455175006021,0.6371111471894163,0.368843543046109,0.3087477630215692,0.32608787793161914
RDKBit,-,Dice,1,0.3111990204389187,0.00083222494994753,0.3111990204389187,0.16883415539400776,0.6132251602832867,0.0010103561651163512,0.6132251602832867,0.3643325454380768,0.30318828294245076,0.32071912969765476
RDKBit,-,OnBit,1,0.3111990204389187,0.00083222494994753,0.3111990204389187,0.16883415539400776,0.6132251602832867,0.0010103561651163512,0.6132251602832867,0.3643325454380768,0.30318828294245076,0.32071912969765476
FeatMorganBit,"r=2,b=4096",RogotGoldberg,1,0.3237260996515023,0.0009080109352044911,0.3237260996515023,0.16843230720257701,0.63143999201725,0.0010672573189092216,0.63143999201725,0.35820521934478394,0.3146792879344448,0.3323938023923896
FeatMorganBit,"r=2,b=4096",Tanimoto,1,0.3237260996515023,0.0009114426064504091,0.3237260996515023,0.16841803928071608,0.6314322062269458,0.0010705268580236582,0.6314322062269458,0.35835713573007427,0.3146816426485825,0.33230432325515685
FeatMorganBit,"r=2,b=4096",Dice,1,0.3237260996515023,0.0009114426064504091,0.3237260996515023,0.16841803928071608,0.6314322062269458,0.0010705268580236582,0.6314322062269458,0.35835713573007427,0.3146816426485825,0.33230432325515685
FeatMorganBit,"r=2,b=4096",Sokal,1,0.3237260996515023,0.0009114426064504091,0.3237260996515023,0.16841803928071608,0.6314322062269458,0.0010705268580236582,0.6314322062269458,0.35835713573007427,0.3146816426485825,0.33230432325515685
FeatMorganBit,"r=2,b=4096",OnBit,1,0.3237260996515023,0.0009114426064504091,0.3237260996515023,0.16841803928071608,0.6314322062269458,0.0010705268580236582,0.6314322062269458,0.35835713573007427,0.3146816426485825,0.33230432325515685
FeatMorganBit,"r=2,b=1024",Tanimoto,1,0.3225016482998964,0.0009111356407420902,0.3225016482998964,0.16820198543193812,0.6219135207566129,0.0010610667320681512,0.6219135207566129,0.3539325687739337,0.3141989262503532,0.3312611848921541
FeatMorganBit,"r=2,b=1024",Dice,1,0.3225016482998964,0.0009111356407420902,0.3225016482998964,0.16820198543193812,0.6219135207566129,0.0010610667320681512,0.6219135207566129,0.3539325687739337,0.3141989262503532,0.3312611848921541
FeatMorganBit,"r=2,b=1024",Sokal,1,0.3225016482998964,0.0009111356407420902,0.3225016482998964,0.16820198543193812,0.6219135207566129,0.0010610667320681512,0.6219135207566129,0.3539325687739337,0.3141989262503532,0.3312611848921541
FeatMorganBit,"r=2,b=1024",OnBit,1,0.3225016482998964,0.0009111356407420902,0.3225016482998964,0.16820198543193812,0.6219135207566129,0.0010610667320681512,0.6219135207566129,0.3539325687739337,0.3141989262503532,0.3312611848921541
FeatMorganBit,"r=2,b=1024",RogotGoldberg,1,0.3225016482998964,0.0009097391482753066,0.3225016482998964,0.1681985720368348,0.6225815541297525,0.0010584217381835047,0.6225815541297525,0.3540516610571883,0.3139281341245173,0.33117406046905906
FeatMorganBit,"r=2,b=2048",Tanimoto,1,0.3230667796929453,0.0009111875619791523,0.3230667796929453,0.16814974808228453,0.6260364637131525,0.0010660377877338872,0.6260364637131525,0.355938510047089,0.31439907695205804,0.33164264858246206
FeatMorganBit,"r=2,b=2048",Dice,1,0.3230667796929453,0.0009111875619791523,0.3230667796929453,0.16814974808228453,0.6260364637131525,0.0010660377877338872,0.6260364637131525,0.355938510047089,0.31439907695205804,0.33164264858246206
FeatMorganBit,"r=2,b=2048",Sokal,1,0.3230667796929453,0.0009111875619791523,0.3230667796929453,0.16814974808228453,0.6260364637131525,0.0010660377877338872,0.6260364637131525,0.355938510047089,0.31439907695205804,0.33164264858246206
FeatMorganBit,"r=2,b=2048",OnBit,1,0.3230667796929453,0.0009111875619791523,0.3230667796929453,0.16814974808228453,0.6260364637131525,0.0010660377877338872,0.6260364637131525,0.355938510047089,0.31439907695205804,0.33164264858246206
MorganBit,"r=2,b=1024",Kulczynski,1,0.31458980879721204,0.0008997407171681191,0.31458980879721204,0.16813923307722556,0.6295813775796312,0.0010970382625963258,0.6295813775796312,0.3644178883946626,0.3065814260148818,0.3240110200621645
MorganBit,"r=2,b=1024",McConnaughey,1,0.31458980879721204,0.0008997407171681191,0.31458980879721204,0.16813923307722556,0.6295813775796312,0.0010970382625963258,0.6295813775796312,0.3644178883946626,0.3065814260148818,0.3240110200621645
FeatMorganBit,"r=2,b=2048",RogotGoldberg,1,0.3227842139964208,0.0009079252025416343,0.3227842139964208,0.1681033684172775,0.6264134703565951,0.0010649048850598069,0.6264134703565951,0.35594281325898786,0.31411886596967126,0.33118112461147214
FeatMorganBit,"r=2,b=4096",Cosine,1,0.32287840256192896,0.0009064241656441469,0.32287840256192896,0.16784007168550483,0.6297885463574054,0.0010655834752119446,0.6297885463574054,0.3570891106485679,0.3149618536309692,0.3319205048507111
FeatMorganBit,"r=2,b=2048",Cosine,1,0.3223132711688801,0.0009074816684454953,0.3223132711688801,0.1675004486745606,0.6296130511605756,0.0010674610363318542,0.6296130511605756,0.3560775460973625,0.31448149194687763,0.33126824903456725
FeatMorganCount,r=2,Tanimoto,1,0.32061787698973343,0.0009311539230408632,0.32061787698973343,0.16712772222604796,0.6388962172810048,0.0011368675243533877,0.6388962172810048,0.3614070682180342,0.31185598568333806,0.32994254497504005
FeatMorganCount,r=2,Dice,1,0.32061787698973343,0.0009311539230408632,0.32061787698973343,0.16712772222604796,0.6388962172810048,0.0011368675243533877,0.6388962172810048,0.3614070682180342,0.31185598568333806,0.32994254497504005
TopTorsionCount,hashed,Tanimoto,1,0.3063954035980032,0.0009497361072133793,0.3063954035980032,0.16705832006545407,0.600094384412719,0.0011911502007551351,0.600094384412719,0.36332487983883494,0.29809268154846,0.31525383818404445
TopTorsionCount,hashed,Dice,1,0.3063954035980032,0.0009497361072133793,0.3063954035980032,0.16705832006545407,0.600094384412719,0.0011911502007551351,0.600094384412719,0.36332487983883494,0.29809268154846,0.31525383818404445
FeatMorganBit,"r=2,b=1024",Cosine,1,0.32146557407930676,0.0009084600934059113,0.32146557407930676,0.1670262855205732,0.6234552689059496,0.0010607549889960557,0.6234552689059496,0.35261014030130744,0.31345012715456344,0.3304134878025808
FeatMorganBit,"r=2,b=2048",BraunBlanquet,1,0.31901667137609496,0.0009112425673831396,0.31901667137609496,0.16681696062899315,0.6221181238426398,0.0010592283514277419,0.6221181238426398,0.35164038128102304,0.31090232645756805,0.3276843741169822
FeatMorganBit,"r=2,b=1024",BraunBlanquet,1,0.31882829424507864,0.0008862606853140565,0.31882829424507864,0.16680017024411384,0.6213446497048467,0.0010466627070229962,0.6213446497048467,0.3514889950588945,0.310155882075916,0.3274018084204578
FeatMorganBit,"r=2,b=4096",BraunBlanquet,1,0.3194876142036357,0.0009069294372819719,0.3194876142036357,0.16675953424343207,0.6246947780650602,0.001058807422982409,0.6246947780650602,0.35217375307404697,0.3114721672788923,0.32796693981350666
RDKBit,-,Cosine,1,0.3077140435151173,0.0008246012375355403,0.3077140435151173,0.166665534811306,0.6085919277104852,0.000996722112750995,0.6085919277104852,0.3603822109476708,0.29913817462560044,0.3171423189224828
AtomPairCount,hashed,Tanimoto,1,0.30950362625977207,0.0008862892978382759,0.30950362625977207,0.16608980174737636,0.618119659804088,0.0010725769379214206,0.618119659804088,0.36314046679149675,0.3017778091739663,0.3183573514175379
AtomPairCount,hashed,Dice,1,0.30950362625977207,0.0008862892978382759,0.30950362625977207,0.16608980174737636,0.618119659804088,0.0010725769379214206,0.618119659804088,0.36314046679149675,0.3017778091739663,0.3183573514175379
FeatMorganBit,"r=2,b=4096",Kulczynski,1,0.3160968258453424,0.0008872835165004432,0.3160968258453424,0.16501557454692067,0.6194954341687924,0.0010527324635458098,0.6194954341687924,0.35164115641473137,0.3087289253084675,0.3248563624376001
FeatMorganBit,"r=2,b=4096",McConnaughey,1,0.3160968258453424,0.0008872835165004432,0.3160968258453424,0.16501557454692067,0.6194954341687924,0.0010527324635458098,0.6194954341687924,0.35164115641473137,0.3087289253084675,0.3248563624376001
RDKBit,-,Kulczynski,1,0.30074408966751437,0.0008150607515528737,0.30074408966751437,0.16479437359404484,0.6017419420078938,0.0009987954886595764,0.6017419420078938,0.3569735640892043,0.2930182725817086,0.31091645474239427
RDKBit,-,McConnaughey,1,0.30074408966751437,0.0008150607515528737,0.30074408966751437,0.16479437359404484,0.6017419420078938,0.0009987954886595764,0.6017419420078938,0.3569735640892043,0.2930182725817086,0.31091645474239427
FeatMorganBit,"r=2,b=1024",Kulczynski,1,0.31628520297635865,0.0008901205207929612,0.31628520297635865,0.16467229345906176,0.6157897910693314,0.001048124417828305,0.6157897910693314,0.34896315312237286,0.30881369501742484,0.3257040595271734
FeatMorganBit,"r=2,b=1024",McConnaughey,1,0.31628520297635865,0.0008901205207929612,0.31628520297635865,0.16467229345906176,0.6157897910693314,0.001048124417828305,0.6157897910693314,0.34896315312237286,0.30881369501742484,0.3257040595271734
FeatMorganBit,"r=2,b=2048",Kulczynski,1,0.3158142601488179,0.0008892527366703661,0.3158142601488179,0.16438644558955215,0.6188870405275422,0.0010543370624886445,0.6188870405275422,0.35019683643908817,0.30815908448714324,0.32458792502590184
FeatMorganBit,"r=2,b=2048",McConnaughey,1,0.3158142601488179,0.0008892527366703661,0.3158142601488179,0.16438644558955215,0.6188870405275422,0.0010543370624886445,0.6188870405275422,0.35019683643908817,0.30815908448714324,0.32458792502590184
MACCS,-,Kulczynski,1,0.31006875765282094,0.0008243869221277986,0.31006875765282094,0.1637523661000358,0.6270022729624726,0.0010645085229184393,0.6270022729624726,0.3531340467649895,0.30261137797871335,0.31911792408401624
MACCS,-,McConnaughey,1,0.31006875765282094,0.0008243869221277986,0.31006875765282094,0.1637523661000358,0.6270022729624726,0.0010645085229184393,0.6270022729624726,0.3531340467649895,0.30261137797871335,0.31911792408401624
MACCS,-,RogotGoldberg,1,0.31025713478383726,0.0008293032345294312,0.31025713478383726,0.16370817607485944,0.625341019969182,0.0010863649587884807,0.625341019969182,0.35149545376612257,0.3018743524536121,0.3190355090891966
MACCS,-,Cosine,1,0.3095978148252802,0.0008272949328825753,0.3095978148252802,0.16338591449733125,0.62278281652816,0.0010832484244161734,0.62278281652816,0.3509740389319709,0.3014010549119337,0.31883300367335404
MorganBit,"r=3,b=4096",Kulczynski,1,0.3018743524536121,0.0008796712860088094,0.3018743524536121,0.16306273988220824,0.6103821274899708,0.0011100758302269246,0.6103821274899708,0.3593338705367233,0.2940543468022982,0.310728077611378
MorganBit,"r=3,b=4096",McConnaughey,1,0.3018743524536121,0.0008796712860088094,0.3018743524536121,0.16306273988220824,0.6103821274899708,0.0011100758302269246,0.6103821274899708,0.3593338705367233,0.2940543468022982,0.310728077611378
FeatMorganBit,"r=3,b=1024",Kulczynski,1,0.3115757747009513,0.0008791445773239152,0.3115757747009513,0.16300850160211885,0.6217690800036169,0.001054446678674648,0.6217690800036169,0.3532797209658505,0.3035579730620702,0.3194899689177734
FeatMorganBit,"r=3,b=1024",McConnaughey,1,0.3115757747009513,0.0008791445773239152,0.3115757747009513,0.16300850160211885,0.6217690800036169,0.001054446678674648,0.6217690800036169,0.3532797209658505,0.3035579730620702,0.3194899689177734
RDKBit,-,BraunBlanquet,1,0.3040406894602995,0.0008218999901267405,0.3040406894602995,0.16294783336404461,0.604150128543547,0.0009940558874685943,0.604150128543547,0.353510229074103,0.29612649524347745,0.31214797023641333
MACCS,-,Tanimoto,1,0.30903268343223134,0.0008261729344401933,0.30903268343223134,0.1625619640603945,0.6245228179463418,0.0010837332838135737,0.6245228179463418,0.35127548496441113,0.30158472261467456,0.31798766129791844
MACCS,-,Dice,1,0.30903268343223134,0.0008261729344401933,0.30903268343223134,0.1625619640603945,0.6245228179463418,0.0010837332838135737,0.6245228179463418,0.35127548496441113,0.30158472261467456,0.31798766129791844
MACCS,-,Sokal,1,0.30903268343223134,0.0008261729344401933,0.30903268343223134,0.1625619640603945,0.6245228179463418,0.0010837332838135737,0.6245228179463418,0.35127548496441113,0.30158472261467456,0.31798766129791844
MACCS,-,OnBit,1,0.30903268343223134,0.0008261729344401933,0.30903268343223134,0.1625619640603945,0.6245228179463418,0.0010837332838135737,0.6245228179463418,0.35127548496441113,0.30158472261467456,0.31798766129791844
FeatMorganBit,"r=3,b=2048",Kulczynski,1,0.3103513233493454,0.0008795336032798196,0.3103513233493454,0.16249832272572443,0.6154583683522145,0.0010485765024798247,0.6154583683522145,0.34980832570983417,0.3022463972873693,0.31920740322124896
FeatMorganBit,"r=3,b=2048",McConnaughey,1,0.3103513233493454,0.0008795336032798196,0.3103513233493454,0.16249832272572443,0.6154583683522145,0.0010485765024798247,0.6154583683522145,0.34980832570983417,0.3022463972873693,0.31920740322124896
FeatMorganBit,"r=3,b=4096",Kulczynski,1,0.30988038052180467,0.0008788114074169334,0.30988038052180467,0.1620534428947038,0.6177462471028031,0.0010516763709257162,0.6177462471028031,0.350617980348928,0.3020533107280776,0.31854808326269196
FeatMorganBit,"r=3,b=4096",McConnaughey,1,0.30988038052180467,0.0008788114074169334,0.30988038052180467,0.1620534428947038,0.6177462471028031,0.0010516763709257162,0.6177462471028031,0.350617980348928,0.3020533107280776,0.31854808326269196
MorganBit,"r=3,b=2048",Kulczynski,1,0.30178016388810397,0.0008624365887043905,0.30178016388810397,0.16093149810189739,0.6117593089611693,0.00106953543881358,0.6117593089611693,0.3537037074874939,0.2935857586888952,0.31063624376000754
MorganBit,"r=3,b=2048",McConnaughey,1,0.30178016388810397,0.0008624365887043905,0.30178016388810397,0.16093149810189739,0.6117593089611693,0.00106953543881358,0.6117593089611693,0.3537037074874939,0.2935857586888952,0.31063624376000754
MorganBit,"r=3,b=1024",Kulczynski,1,0.2998022040124329,0.0008585485819800997,0.2998022040124329,0.16002604722963995,0.6051299253484063,0.0010591732558647344,0.6051299253484063,0.3503930158258679,0.29216586606385986,0.30856409531882834
MorganBit,"r=3,b=1024",McConnaughey,1,0.2998022040124329,0.0008585485819800997,0.2998022040124329,0.16002604722963995,0.6051299253484063,0.0010591732558647344,0.6051299253484063,0.3503930158258679,0.29216586606385986,0.30856409531882834
FeatMorganCount,r=1,Tanimoto,1,0.3015917867570877,0.0008750390332684641,0.3015917867570877,0.156791664742609,0.6146240436817033,0.0010880820084519032,0.6146240436817033,0.3415016714345117,0.2932042949985872,0.31102241687859095
FeatMorganCount,r=1,Dice,1,0.3015917867570877,0.0008750390332684641,0.3015917867570877,0.156791664742609,0.6146240436817033,0.0010880820084519032,0.6146240436817033,0.3415016714345117,0.2932042949985872,0.31102241687859095
MorganBit,"r=2,b=4096",Russel,1,0.2916077988132241,0.000839748025578536,0.2916077988132241,0.1538007877441612,0.5801816554672167,0.001037447670492981,0.5801816554672167,0.329101234672135,0.2844494678346049,0.3011231986436847
MorganBit,"r=3,b=4096",Russel,1,0.2894414618065367,0.0008304973237729143,0.2894414618065367,0.15323760776088566,0.5771617740440315,0.0010251960665795263,0.5771617740440315,0.33032225914302604,0.2819016671376095,0.2981185834039748
MACCS,-,BraunBlanquet,1,0.29537534143355,0.0007682610879156961,0.29537534143355,0.15284188815648653,0.5973269130811141,0.0010467212620721977,0.5973269130811141,0.3309184872496733,0.28886455684279927,0.3046105302816238
MorganBit,"r=2,b=2048",Russel,1,0.2895356503720448,0.0008392170748239509,0.2895356503720448,0.15235333281742403,0.5773200712608622,0.0010396877159580711,0.5773200712608622,0.3258540830842267,0.2817179994348686,0.29839173024394844
MorganBit,"r=3,b=2048",Russel,1,0.2825656965244419,0.0008250065878903066,0.2825656965244419,0.14941946780990323,0.567177870258703,0.0010222295442621372,0.567177870258703,0.32240955744799604,0.27521663370066873,0.2908566450032966
FeatMorganBit,"r=3,b=4096",Russel,1,0.28501459922765376,0.0007952045357695194,0.28501459922765376,0.14811693177287294,0.5679686986199383,0.0009902200026217142,0.5679686986199383,0.31216632332920863,0.2759677875105962,0.29387067909955733
MorganBit,"r=2,b=1024",Russel,1,0.2828482622209664,0.0008271026159127463,0.2828482622209664,0.14717422272633443,0.5634017723760002,0.0010257214759271768,0.5634017723760002,0.3147229887363883,0.27549684468305546,0.2923683714797024
FeatMorganBit,"r=3,b=2048",Russel,1,0.2840727135725723,0.000791387098813891,0.2840727135725723,0.1468952045233734,0.5642856859658781,0.0009846157375683208,0.5642856859658781,0.30849212863000125,0.27427239333144954,0.29302062729584627
FeatMorganBit,"r=1,b=2048",RogotGoldberg,1,0.2979184327022699,0.0008551662462724649,0.2979184327022699,0.1460462177412638,0.5969401020283943,0.0010626770692303195,0.5969401020283943,0.308059532743037,0.29000188377131014,0.30661439201280966
FeatMorganBit,"r=1,b=4096",RogotGoldberg,1,0.2980126212677781,0.0008549880228090818,0.2980126212677781,0.14601074674416378,0.5986059319595929,0.0010640179999353795,0.5986059319595929,0.30907844263739204,0.2900042384854479,0.3064966563059245
FeatMorganBit,"r=1,b=2048",Tanimoto,1,0.2979184327022699,0.0008552518119410925,0.2979184327022699,0.14600634981472002,0.5966430252590456,0.0010625682695471136,0.5966430252590456,0.3084281794511105,0.28999952905717247,0.30671093529245547
FeatMorganBit,"r=1,b=2048",Dice,1,0.2979184327022699,0.0008552518119410925,0.2979184327022699,0.14600634981472002,0.5966430252590456,0.0010625682695471136,0.5966430252590456,0.3084281794511105,0.28999952905717247,0.30671093529245547
FeatMorganBit,"r=1,b=2048",Sokal,1,0.2979184327022699,0.0008552518119410925,0.2979184327022699,0.14600634981472002,0.5966430252590456,0.0010625682695471136,0.5966430252590456,0.3084281794511105,0.28999952905717247,0.30671093529245547
FeatMorganBit,"r=1,b=2048",OnBit,1,0.2979184327022699,0.0008552518119410925,0.2979184327022699,0.14600634981472002,0.5966430252590456,0.0010625682695471136,0.5966430252590456,0.3084281794511105,0.28999952905717247,0.30671093529245547
FeatMorganBit,"r=1,b=4096",Tanimoto,1,0.2979184327022699,0.0008550280647631089,0.2979184327022699,0.14595864603948822,0.5980261435041148,0.0010637725585479062,0.5980261435041148,0.309410372050611,0.28999952905717247,0.30640717716869176
FeatMorganBit,"r=1,b=4096",Dice,1,0.2979184327022699,0.0008550280647631089,0.2979184327022699,0.14595864603948822,0.5980261435041148,0.0010637725585479062,0.5980261435041148,0.309410372050611,0.28999952905717247,0.30640717716869176
FeatMorganBit,"r=1,b=4096",Sokal,1,0.2979184327022699,0.0008550280647631089,0.2979184327022699,0.14595864603948822,0.5980261435041148,0.0010637725585479062,0.5980261435041148,0.309410372050611,0.28999952905717247,0.30640717716869176
FeatMorganBit,"r=1,b=4096",OnBit,1,0.2979184327022699,0.0008550280647631089,0.2979184327022699,0.14595864603948822,0.5980261435041148,0.0010637725585479062,0.5980261435041148,0.309410372050611,0.28999952905717247,0.30640717716869176
FeatMorganBit,"r=1,b=1024",RogotGoldberg,1,0.29631722708863145,0.0008529600043723896,0.29631722708863145,0.1456852211745845,0.5910403398059422,0.0010545299129225217,0.5910403398059422,0.30498608168448094,0.28839125930112086,0.3050979561081285
FeatMorganBit,"r=1,b=1024",Tanimoto,1,0.2962230385231233,0.0008529914075536636,0.2962230385231233,0.14560969924651138,0.590683753777658,0.0010543868928488986,0.590683753777658,0.3053376079977123,0.2882052368842422,0.3048177451257417
FeatMorganBit,"r=1,b=1024",Dice,1,0.2962230385231233,0.0008529914075536636,0.2962230385231233,0.14560969924651138,0.590683753777658,0.0010543868928488986,0.590683753777658,0.3053376079977123,0.2882052368842422,0.3048177451257417
FeatMorganBit,"r=1,b=1024",Sokal,1,0.2962230385231233,0.0008529914075536636,0.2962230385231233,0.14560969924651138,0.590683753777658,0.0010543868928488986,0.590683753777658,0.3053376079977123,0.2882052368842422,0.3048177451257417
FeatMorganBit,"r=1,b=1024",OnBit,1,0.2962230385231233,0.0008529914075536636,0.2962230385231233,0.14560969924651138,0.590683753777658,0.0010543868928488986,0.590683753777658,0.3053376079977123,0.2882052368842422,0.3048177451257417
FeatMorganBit,"r=1,b=4096",Cosine,1,0.2978242441367618,0.0008574088451309979,0.2978242441367618,0.14559455379549296,0.5955727304507084,0.001060447877825223,0.5955727304507084,0.3070428048751208,0.2895356503720448,0.3062164453235377
FeatMorganBit,"r=1,b=2048",Cosine,1,0.2974474898747292,0.0008566825475796505,0.2974474898747292,0.1455283883416559,0.593955085757797,0.001059358274636003,0.593955085757797,0.3059643579659602,0.2889681642648583,0.3061340303287181
FeatMorganBit,"r=1,b=1024",Cosine,1,0.2964114156541396,0.0008549017977661223,0.2964114156541396,0.1454451863026238,0.5885885030789065,0.0010519220966656547,0.5885885030789065,0.30348581985249257,0.28784025619289816,0.3058326269190921
FeatMorganBit,"r=1,b=4096",Kulczynski,1,0.2958462842610907,0.0008564467654490693,0.2958462842610907,0.14526915405488453,0.5912260077812144,0.00105477909444252,0.5912260077812144,0.30585531484095785,0.28830648959216354,0.30423142130545355
FeatMorganBit,"r=1,b=4096",McConnaughey,1,0.2958462842610907,0.0008564467654490693,0.2958462842610907,0.14526915405488453,0.5912260077812144,0.00105477909444252,0.5912260077812144,0.30585531484095785,0.28830648959216354,0.30423142130545355
FeatMorganBit,"r=1,b=2048",Kulczynski,1,0.29556371856456626,0.0008561777191107353,0.29556371856456626,0.14516115762959927,0.5896911194228515,0.0010537586390057289,0.5896911194228515,0.30480544579243635,0.28830178016388813,0.3040548177451257
FeatMorganBit,"r=1,b=2048",McConnaughey,1,0.29556371856456626,0.0008561777191107353,0.29556371856456626,0.14516115762959927,0.5896911194228515,0.0010537586390057289,0.5896911194228515,0.30480544579243635,0.28830178016388813,0.3040548177451257
FeatMorganBit,"r=1,b=1024",Kulczynski,1,0.29433926721296033,0.0008535416912516161,0.29433926721296033,0.1449191226405927,0.5838724413070374,0.0010466700204954163,0.5838724413070374,0.30261820024111324,0.28679947254403315,0.3035721013468965
FeatMorganBit,"r=1,b=1024",McConnaughey,1,0.29433926721296033,0.0008535416912516161,0.29433926721296033,0.1449191226405927,0.5838724413070374,0.0010466700204954163,0.5838724413070374,0.30261820024111324,0.28679947254403315,0.3035721013468965
MorganBit,"r=1,b=4096",Russel,1,0.27550155411133087,0.000807988914663404,0.27550155411133087,0.1418988965028548,0.5486849191159874,0.0010203607094825154,0.5486849191159874,0.2974141172114503,0.26786286144862015,0.2850169539417915
FeatMorganBit,"r=2,b=4096",Russel,1,0.27729113685598566,0.0007379003898326494,0.27729113685598566,0.14170666194118908,0.55673967929885,0.000919607702358764,0.55673967929885,0.29884755246313627,0.26814542714514455,0.28627201657718754
MorganBit,"r=1,b=2048",Russel,1,0.27258170858057834,0.0007896925763736914,0.27258170858057834,0.14090983640172738,0.5493030838673004,0.0010093886533866754,0.5493030838673004,0.2983509848266242,0.2657765847226147,0.2816520674390129
FeatMorganBit,"r=1,b=4096",BraunBlanquet,1,0.29113685598568334,0.0008124079242534265,0.29113685598568334,0.1408553020421224,0.58233395737544,0.0010202120426638583,0.58233395737544,0.29628261130005507,0.2824644438165207,0.30009654327964586
FeatMorganBit,"r=3,b=1024",Russel,1,0.27182820005651315,0.0007524680830881794,0.27182820005651315,0.1408190791832776,0.5464072001834455,0.0009102881583188937,0.5464072001834455,0.2983824942220598,0.2638056889893567,0.2806842799284167
FeatMorganBit,"r=1,b=2048",BraunBlanquet,1,0.29038334746161815,0.0008115931837358514,0.29038334746161815,0.14076093480254478,0.5789061648126128,0.0010177455453494397,0.5789061648126128,0.29547309166974955,0.28199114627484223,0.2993453894697184
FeatMorganBit,"r=2,b=2048",Russel,1,0.27484223415277387,0.0007294870154066561,0.27484223415277387,0.14037584321688346,0.5526607190203098,0.0009124598599710284,0.5526607190203098,0.2963954605730683,0.2660544409908637,0.2838301780163888
FeatMorganBit,"r=1,b=1024",BraunBlanquet,1,0.28897051897899595,0.000786949729838951,0.28897051897899595,0.13982753633908915,0.5727946768695666,0.0009985830808597876,0.5727946768695666,0.29248634181806354,0.2808514646321937,0.297369784308185
MorganBit,"r=1,b=1024",Russel,1,0.2701328058773665,0.000754774153976795,0.2701328058773665,0.13896573047759642,0.5441722707210088,0.0009845499249648746,0.5441722707210088,0.29345653320466186,0.2623128002260526,0.2802227559574268
MorganBit,"r=3,b=1024",Russel,1,0.2635396062917962,0.0007534101645430996,0.2635396062917962,0.1385991339308759,0.5345007819659386,0.0009676924407754076,0.5345007819659386,0.29972193639455846,0.25514269567674486,0.27211312046717534
FeatMorganBit,"r=2,b=1024",Russel,1,0.27145144579448055,0.0007250606620913943,0.27145144579448055,0.13708926194630536,0.546193394623118,0.0009052363682869838,0.546193394623118,0.28763856425171325,0.262213902232269,0.2813577281718
Descriptors,p=12,Mahalanobis,1,0.2631628520297636,0.0007363302109174717,0.2631628520297636,0.12720147323988043,0.5412030968878528,0.0009598180028365079,0.5412030968878528,0.27790976595726957,0.2553428463784497,0.2714749929358576
Descriptors,p=12,Manhattan,1,0.23876801356315344,0.0006402102330088549,0.23876801356315344,0.11097464631894358,0.5096997341603825,0.0009916655430676536,0.5096997341603825,0.24815520972243896,0.23198172741829143,0.24660450221343128
Descriptors,p=12,Euclidean,1,0.2354714137703683,0.0005998918882980287,0.2354714137703683,0.10985382429711578,0.4996176146152493,0.0008679299214575414,0.4996176146152493,0.2446991792667052,0.23028633323914477,0.2430347555806725
Descriptors,p=12,Cosine,1,0.2365074879909579,0.0006419710724128149,0.2365074879909579,0.1083654452346597,0.5046046149458373,0.0008947579326949216,0.5046046149458373,0.24872983150458658,0.22980126212677782,0.24470660261844213
Descriptors,p=12,Correlation,1,0.2325515682396157,0.0006407096442911203,0.2325515682396157,0.10752395534353623,0.49229879070145194,0.0008841326115252488,0.49229879070145194,0.24184475382793805,0.22528962983893755,0.24179382123010265
FeatMorganBit,"r=1,b=4096",Russel,1,0.20617876989733447,0.0005811608342985084,0.20617876989733447,0.09606501462686673,0.41751899807677145,0.0007690849935824572,0.41751899807677145,0.19187238941190327,0.19863426580013185,0.21343835358387492
FeatMorganBit,"r=1,b=2048",Russel,1,0.2046717528492041,0.0005781452238296534,0.2046717528492041,0.09513872321876463,0.4156301941659109,0.0007643426316081204,0.4156301941659109,0.1895374197191014,0.1973226900254309,0.21164406141094472
FeatMorganBit,"r=1,b=1024",Russel,1,0.20325892436658188,0.0005788109302047309,0.20325892436658188,0.0934571630958603,0.41459749878978847,0.0007642361015197974,0.41459749878978847,0.18642537873180345,0.19581567297730054,0.21015117264764058
MACCS,-,Russel,1,0.17782801167938211,0.0004083810210633529,0.17782801167938211,0.07119787613025667,0.3636594588398922,0.0005516736811152305,0.3636594588398922,0.14887994521376066,0.17178110577375907,0.18555382876518792
MorganBit,"r=1,b=4096",Asymmetric,1,0.15795422435716305,0.00032318124639579143,0.15795422435716305,0.0639083228220975,0.3217937314095726,0.00040471656621614185,0.3217937314095726,0.13211461009532582,0.15145285862296318,0.16549872845436564
MorganBit,"r=2,b=4096",Asymmetric,1,0.14401431666195724,0.0002768196614267047,0.14401431666195724,0.05745896689946972,0.29207230555188035,0.0003184483949322742,0.29207230555188035,0.1215273880261061,0.13788264104737685,0.14892860506734482
RDKBit,-,Russel,1,0.11114250729961382,0.0002689032357632081,0.11114250729961382,0.05393575926227361,0.26015952147593097,0.00040146648544592424,0.26015952147593097,0.13008604120302925,0.1049237072619384,0.11727182820005651
MorganBit,"r=3,b=4096",Asymmetric,1,0.11076575303758124,0.00020846114911491433,0.11076575303758124,0.044419437846292334,0.23372768784529277,0.0002948285208829644,0.23372768784529277,0.09638651743345553,0.10473533013092211,0.1162381086936046
MorganBit,"r=1,b=2048",Asymmetric,1,0.12771969482904774,0.0002666409213449033,0.12771969482904774,0.04302057578356636,0.26471356765295584,0.000347545319914172,0.26471356765295584,0.09262429961862706,0.12168927192238863,0.13365592917019875
RDKBit,-,Asymmetric,1,0.11246114721672788,0.0001573897158141799,0.11246114721672788,0.030083019155862825,0.2328064957417812,0.00023017499947887833,0.2328064957417812,0.06048548071270907,0.10727606668550438,0.11783225016482998
MorganBit,"r=2,b=2048",Asymmetric,1,0.09767354243194876,0.0001669794285933229,0.09767354243194876,0.02952290928584089,0.20240383733947107,0.0002248734704244071,0.20240383733947107,0.06577787288211762,0.09192568522181407,0.10239238956390694
MorganBit,"r=1,b=1024",Asymmetric,1,0.0854290289158896,0.00015174777230133007,0.0854290289158896,0.02584928650770156,0.1806160040879224,0.00023236587802653774,0.1806160040879224,0.05681315747661415,0.08015211453329565,0.09071536215503438
MACCS,-,Asymmetric,1,0.08137892059903927,0.00012713084316374866,0.08137892059903927,0.021299415842943578,0.17410589926658035,0.00019412183514186667,0.17410589926658035,0.04459890978410021,0.07675426203258924,0.08655929170198738
MorganBit,"r=3,b=2048",Asymmetric,1,0.06904021851747198,0.00010276495402126774,0.06904021851747198,0.02083478790784053,0.1454626642865928,0.00015041946462622034,0.1454626642865928,0.046066154253357194,0.06403880568898936,0.07328341339361401
MorganBit,"r=2,b=1024",Asymmetric,1,0.05331072807761138,8.560344670982936e-05,0.05331072807761138,0.014900020868184654,0.11611456223012917,0.00012140245320774289,0.11611456223012917,0.03554167987830018,0.04906282377319394,0.05802486578129415
MorganBit,"r=3,b=1024",Asymmetric,1,0.03569746632758783,5.5259279082155044e-05,0.03569746632758783,0.01056132080328442,0.0806262937627675,8.775560223113045e-05,0.0806262937627675,0.024405132056406077,0.03249270038617312,0.03909296411415654
Random,-,Random,1,0.05566544221531506,5.4564713522488775e-05,0.05566544221531506,0.0060471336845345355,0.14514160710687232,0.00010326454755909139,0.14514160710687232,0.016430758202144336,,
FeatMorganBit,"r=1,b=1024",Asymmetric,1,0.009607233681831025,1.68656122871481e-05,0.009607233681831025,0.0029929666598872734,0.02232471268052275,2.9793468272829998e-05,0.02232471268052275,0.006047430836901366,0.008001318639917114,0.011396816426485825
FeatMorganBit,"r=1,b=2048",Asymmetric,1,0.00913629085429029,1.6436531996217478e-05,0.00913629085429029,0.0029434404803192027,0.021717818718447628,2.9643562778944314e-05,0.021717818718447628,0.006038922173919625,0.00743618724686823,0.010925873598945089
FeatMorganBit,"r=1,b=4096",Asymmetric,1,0.00913629085429029,1.6436531996217478e-05,0.00913629085429029,0.0029434404803192027,0.021717818718447628,2.9643562778944314e-05,0.021717818718447628,0.006038922173919625,0.00743618724686823,0.010925873598945089
FeatMorganBit,"r=2,b=4096",Asymmetric,1,0.004332674013374776,8.992146722492347e-06,0.004332674013374776,0.0014314317499949905,0.0104439485109509,1.8095720015308052e-05,0.0104439485109509,0.0034683939781910735,0.0031082226617688614,0.005557125364980691
FeatMorganBit,"r=2,b=2048",Asymmetric,1,0.004238485447866629,8.916310518379507e-06,0.004238485447866629,0.0014242028133156814,0.010426431007936547,1.808161574557025e-05,0.010426431007936547,0.0034670495164786865,0.00301167938212301,0.005368748233964397
FeatMorganBit,"r=2,b=1024",Asymmetric,1,0.004050108316850334,8.69915130489455e-06,0.004050108316850334,0.0013701075488498531,0.009319721644707122,1.6803411746755877e-05,0.009319721644707122,0.0031507303359706936,0.002919845530752567,0.005180371102948102
FeatMorganBit,"r=3,b=4096",Asymmetric,1,0.003014034096260714,7.371143390797215e-06,0.003014034096260714,0.0012019470793601702,0.008260759556062112,1.546342589761229e-05,0.008260759556062112,0.0031043597901575025,0.002072148441179241,0.004238485447866629
FeatMorganBit,"r=3,b=1024",Asymmetric,1,0.002731468399736272,7.09681704643239e-06,0.002731468399736272,0.0010954990668518348,0.0066986465715418,1.3794022727083687e-05,0.0066986465715418,0.002618783897712468,0.001879061881887539,0.0037698973344635965
FeatMorganBit,"r=3,b=2048",Asymmetric,1,0.002731468399736272,7.096711221352997e-06,0.002731468399736272,0.0010450758053640393,0.007913937626823589,1.5230635439947968e-05,0.007913937626823589,0.0029049467205193337,0.0016953941791466515,0.0037698973344635965
MorganBit,"r=2,b=4096",BraunBlanquet,5,0.29017613261750025,0.0030774334872071657,0.253622596883405,0.16895305452951404,0.5829920454208444,0.00393404868279024,0.5140178240914042,0.3656420284281957,0.24771346791832807,0.26061941540297007
MorganBit,"r=2,b=4096",Tanimoto,5,0.2913440708298013,0.0030713455117095992,0.2537395476855776,0.16848675883523204,0.5875370148743606,0.0039465519730741494,0.5156302210529246,0.3648911843365375,0.24837802057496888,0.2603003634108819
MorganBit,"r=2,b=4096",Dice,5,0.2913440708298013,0.0030713455117095992,0.2537395476855776,0.16848675883523204,0.5875370148743606,0.0039465519730741494,0.5156302210529246,0.3648911843365375,0.24837802057496888,0.2603003634108819
MorganBit,"r=2,b=4096",Sokal,5,0.2913440708298013,0.0030713455117095992,0.2537395476855776,0.16848675883523204,0.5875370148743606,0.0039465519730741494,0.5156302210529246,0.3648911843365375,0.24837802057496888,0.2603003634108819
MorganBit,"r=2,b=4096",OnBit,5,0.2913440708298013,0.0030713455117095992,0.2537395476855776,0.16848675883523204,0.5875370148743606,0.0039465519730741494,0.5156302210529246,0.3648911843365375,0.24837802057496888,0.2603003634108819
MorganBit,"r=2,b=4096",RogotGoldberg,5,0.29128755769049636,0.003081868314698433,0.2536902556696284,0.1684614489163147,0.5865403302224979,0.003960811462052915,0.5149569092895332,0.3645946624109157,0.2481937105585382,0.2603138035959101
MorganBit,"r=2,b=2048",BraunBlanquet,5,0.2894414618065367,0.003052148894229542,0.25260305798876015,0.16837364205049926,0.5820842926776492,0.0039052962680863313,0.5124255080167983,0.36407216434355927,0.24671213619666577,0.2595290022291294
MorganBit,"r=3,b=4096",BraunBlanquet,5,0.2885184138645569,0.0030366793590381014,0.25163333437987295,0.16816123468130126,0.5851965015077321,0.003987486427486021,0.5153983912342934,0.3664400424086392,0.24532622994568462,0.2583993621341036
MorganBit,"r=2,b=2048",Tanimoto,5,0.29013845719129694,0.003054829898803322,0.2523942210082363,0.16782559109308495,0.5847787120655195,0.0039368396749588155,0.5128731054500492,0.3639674388940227,0.246934549412368,0.259356297028874
MorganBit,"r=2,b=2048",Dice,5,0.29013845719129694,0.003054829898803322,0.2523942210082363,0.16782559109308495,0.5847787120655195,0.0039368396749588155,0.5128731054500492,0.3639674388940227,0.246934549412368,0.259356297028874
MorganBit,"r=2,b=2048",Sokal,5,0.29013845719129694,0.003054829898803322,0.2523942210082363,0.16782559109308495,0.5847787120655195,0.0039368396749588155,0.5128731054500492,0.3639674388940227,0.246934549412368,0.259356297028874
MorganBit,"r=2,b=2048",OnBit,5,0.29013845719129694,0.003054829898803322,0.2523942210082363,0.16782559109308495,0.5847787120655195,0.0039368396749588155,0.5128731054500492,0.3639674388940227,0.246934549412368,0.259356297028874
MorganBit,"r=2,b=1024",BraunBlanquet,5,0.288254685881134,0.003060052311966405,0.25123167247496153,0.16772431317682385,0.5818484508128098,0.0039123985012245515,0.5123246575490424,0.3647095941240406,0.2454541537157389,0.2581699789645537
MorganBit,"r=2,b=2048",RogotGoldberg,5,0.2901949703306019,0.0030580675843956445,0.2523411614496667,0.1676929444438946,0.5848468360504855,0.003941007360832535,0.5131825472078635,0.3644114583629964,0.24688820078909088,0.25944828786118695
MorganBit,"r=3,b=2048",BraunBlanquet,5,0.2868983705378167,0.003106550882409824,0.2500081630090107,0.16735919736354302,0.5826581053812517,0.004075125121186578,0.5137162335956946,0.36493807507124565,0.24384776773099742,0.2569037785312863
MorganBit,"r=2,b=1024",Tanimoto,5,0.2896110012244513,0.002929154799891073,0.25190491141042143,0.1673245204506179,0.5865471366999907,0.003781382155736974,0.5141308736349978,0.3636972495398691,0.24639161512459054,0.2589116458928553
MorganBit,"r=2,b=1024",Dice,5,0.2896110012244513,0.002929154799891073,0.25190491141042143,0.1673245204506179,0.5865471366999907,0.003781382155736974,0.5141308736349978,0.3636972495398691,0.24639161512459054,0.2589116458928553
MorganBit,"r=2,b=1024",Sokal,5,0.2896110012244513,0.002929154799891073,0.25190491141042143,0.1673245204506179,0.5865471366999907,0.003781382155736974,0.5141308736349978,0.3636972495398691,0.24639161512459054,0.2589116458928553
MorganBit,"r=2,b=1024",OnBit,5,0.2896110012244513,0.002929154799891073,0.25190491141042143,0.1673245204506179,0.5865471366999907,0.003781382155736974,0.5141308736349978,0.3636972495398691,0.24639161512459054,0.2589116458928553
MorganBit,"r=2,b=4096",Cosine,5,0.28955448808514644,0.0030380777256778222,0.2512802842401599,0.16690408767996948,0.5840370020889681,0.003905978706873262,0.5110112395826384,0.3624734217305049,0.24590095941519366,0.25785679282701746
MorganBit,"r=2,b=1024",RogotGoldberg,5,0.2886879532824715,0.0029121422395041023,0.2508396387345243,0.16687631330154482,0.5840827973618112,0.003778333819813314,0.5119664369110315,0.36295810817114926,0.24530042227873536,0.25744512207884623
MorganBit,"r=2,b=2048",Cosine,5,0.2887256287086748,0.00301178503069869,0.250726455474972,0.16656697265032192,0.5834936648819739,0.003882378134648304,0.5105271368409251,0.3623807874865796,0.2450255120195075,0.2575684083702239
MorganBit,"r=3,b=4096",Tanimoto,5,0.28799095789771123,0.002923352810137216,0.25060338241604135,0.16654528597755922,0.5838421183007282,0.003821480669707249,0.5142719434746862,0.36277025624312587,0.2449787460885582,0.2572693322030706
MorganBit,"r=3,b=4096",Dice,5,0.28799095789771123,0.002923352810137216,0.25060338241604135,0.16654528597755922,0.5838421183007282,0.003821480669707249,0.5142719434746862,0.36277025624312587,0.2449787460885582,0.2572693322030706
MorganBit,"r=3,b=4096",Sokal,5,0.28799095789771123,0.002923352810137216,0.25060338241604135,0.16654528597755922,0.5838421183007282,0.003821480669707249,0.5142719434746862,0.36277025624312587,0.2449787460885582,0.2572693322030706
MorganBit,"r=3,b=4096",OnBit,5,0.28799095789771123,0.002923352810137216,0.25060338241604135,0.16654528597755922,0.5838421183007282,0.003821480669707249,0.5142719434746862,0.36277025624312587,0.2449787460885582,0.2572693322030706
MorganBit,"r=3,b=4096",RogotGoldberg,5,0.2879721201846096,0.002920605998778189,0.25025205906669595,0.16641329150594375,0.5833032253300692,0.003809884041793019,0.5127483737742469,0.36184478390690233,0.24439494442874632,0.2568763958222139
MorganBit,"r=3,b=2048",Tanimoto,5,0.28721861166054435,0.0029043998781933893,0.24980905884692267,0.16629164414528225,0.5831716595896272,0.0037693813802489535,0.5122934927299305,0.3624234229350621,0.24396774041631347,0.25630222625139976
MorganBit,"r=3,b=2048",Dice,5,0.28721861166054435,0.0029043998781933893,0.24980905884692267,0.16629164414528225,0.5831716595896272,0.0037693813802489535,0.5122934927299305,0.3624234229350621,0.24396774041631347,0.25630222625139976
MorganBit,"r=3,b=2048",Sokal,5,0.28721861166054435,0.0029043998781933893,0.24980905884692267,0.16629164414528225,0.5831716595896272,0.0037693813802489535,0.5122934927299305,0.3624234229350621,0.24396774041631347,0.25630222625139976
MorganBit,"r=3,b=2048",OnBit,5,0.28721861166054435,0.0029043998781933893,0.24980905884692267,0.16629164414528225,0.5831716595896272,0.0037693813802489535,0.5122934927299305,0.3624234229350621,0.24396774041631347,0.25630222625139976
MorganBit,"r=1,b=2048",Tanimoto,5,0.2878025807666949,0.002848786718555933,0.2501153809927475,0.16612935510808124,0.5781237863252361,0.003727823873791461,0.5058284899136767,0.3585637532004184,0.2446076575303758,0.2567184468305548
MorganBit,"r=1,b=2048",Dice,5,0.2878025807666949,0.002848786718555933,0.2501153809927475,0.16612935510808124,0.5781237863252361,0.003727823873791461,0.5058284899136767,0.3585637532004184,0.2446076575303758,0.2567184468305548
MorganBit,"r=1,b=2048",Sokal,5,0.2878025807666949,0.002848786718555933,0.2501153809927475,0.16612935510808124,0.5781237863252361,0.003727823873791461,0.5058284899136767,0.3585637532004184,0.2446076575303758,0.2567184468305548
MorganBit,"r=1,b=2048",OnBit,5,0.2878025807666949,0.002848786718555933,0.2501153809927475,0.16612935510808124,0.5781237863252361,0.003727823873791461,0.5058284899136767,0.3585637532004184,0.2446076575303758,0.2567184468305548
MorganBit,"r=2,b=1024",Cosine,5,0.28844306301215034,0.0028979531072215346,0.25015049239688963,0.1660771288925636,0.5843099698671467,0.0037527781373920908,0.5108480656756658,0.3619042464488496,0.24466602304480237,0.2569348947704415
MorganBit,"r=3,b=2048",RogotGoldberg,5,0.28680418197230856,0.0028900407163965176,0.24940750159597294,0.1660522124921469,0.5827993961662303,0.003755884798369705,0.5118278864522346,0.3618536231933176,0.2437640654924492,0.25591743064058686
MorganBit,"r=3,b=1024",BraunBlanquet,5,0.2856362437600075,0.003122940437580692,0.24868575554927633,0.16598607906495141,0.5814712960057151,0.004108457514748132,0.5127153911886435,0.36292736173451257,0.2427127327242473,0.25585213965024645
MorganBit,"r=1,b=2048",RogotGoldberg,5,0.288612602430065,0.0028755882314664975,0.25066638410097014,0.16597615562605822,0.5796451810645441,0.003742244467290458,0.5064527491308056,0.3571477884376951,0.2452435049135035,0.2572631589275062
MorganBit,"r=1,b=4096",RogotGoldberg,5,0.2889516812658944,0.002905277423619528,0.2513219365169068,0.16593659621365958,0.5793166873897738,0.0038045491924977217,0.5074853656500091,0.3574519997875563,0.24506519810994945,0.25815445354933914
MorganCount,r=2,Tanimoto,5,0.28531600263727985,0.0030087755979470872,0.24828171276673677,0.16587201528606116,0.5711260969746683,0.0038455261308356437,0.5016177270481178,0.36018576031811966,0.24320056539302798,0.2551291521459295
MorganCount,r=2,Dice,5,0.28531600263727985,0.0030087755979470872,0.24828171276673677,0.16587201528606116,0.5711260969746683,0.0038455261308356437,0.5016177270481178,0.36018576031811966,0.24320056539302798,0.2551291521459295
MorganBit,"r=3,b=1024",Tanimoto,5,0.2865404539888858,0.0030943766285161274,0.24848555252059062,0.16562913298629794,0.5830049460697457,0.004086058372700755,0.5103807318934929,0.36069642323620155,0.2427796537000408,0.2548551563006918
MorganBit,"r=3,b=1024",Dice,5,0.2865404539888858,0.0030943766285161274,0.24848555252059062,0.16562913298629794,0.5830049460697457,0.004086058372700755,0.5103807318934929,0.36069642323620155,0.2427796537000408,0.2548551563006918
MorganBit,"r=3,b=1024",Sokal,5,0.2865404539888858,0.0030943766285161274,0.24848555252059062,0.16562913298629794,0.5830049460697457,0.004086058372700755,0.5103807318934929,0.36069642323620155,0.2427796537000408,0.2548551563006918
MorganBit,"r=3,b=1024",OnBit,5,0.2865404539888858,0.0030943766285161274,0.24848555252059062,0.16562913298629794,0.5830049460697457,0.004086058372700755,0.5103807318934929,0.36069642323620155,0.2427796537000408,0.2548551563006918
MorganBit,"r=1,b=4096",Tanimoto,5,0.28844306301215034,0.0028859589834395955,0.25085413330821643,0.16562564542365144,0.57925540206365,0.003794141747397549,0.5074279094044883,0.3571990989311108,0.24479190213808044,0.2574675441901353
MorganBit,"r=1,b=4096",Dice,5,0.28844306301215034,0.0028859589834395955,0.25085413330821643,0.16562564542365144,0.57925540206365,0.003794141747397549,0.5074279094044883,0.3571990989311108,0.24479190213808044,0.2574675441901353
MorganBit,"r=1,b=4096",Sokal,5,0.28844306301215034,0.0028859589834395955,0.25085413330821643,0.16562564542365144,0.57925540206365,0.003794141747397549,0.5074279094044883,0.3571990989311108,0.24479190213808044,0.2574675441901353
MorganBit,"r=1,b=4096",OnBit,5,0.28844306301215034,0.0028859589834395955,0.25085413330821643,0.16562564542365144,0.57925540206365,0.003794141747397549,0.5074279094044883,0.3571990989311108,0.24479190213808044,0.2574675441901353
MorganBit,"r=3,b=1024",RogotGoldberg,5,0.2864651031364792,0.003085012365221857,0.24826452335353155,0.16550813364137962,0.5852507721034611,0.004109329012867066,0.5116132260366932,0.3608987266940641,0.2426326175002355,0.2546938976274947
MorganBit,"r=1,b=1024",RogotGoldberg,5,0.28718093623434116,0.0028362573395702187,0.24934523248877585,0.16545607094628456,0.5781292219167484,0.00371363620379684,0.5055445843469736,0.35799155848619096,0.24321476170292924,0.2559180794951493
MorganBit,"r=1,b=1024",Tanimoto,5,0.28704907224262977,0.002840228951689885,0.2493188596904336,0.16543543333951535,0.5778076020406608,0.003716779734581665,0.5052790449804155,0.3581344368277845,0.24355283978525008,0.25584076245643783
MorganBit,"r=1,b=1024",Dice,5,0.28704907224262977,0.002840228951689885,0.2493188596904336,0.16543543333951535,0.5778076020406608,0.003716779734581665,0.5052790449804155,0.3581344368277845,0.24355283978525008,0.25584076245643783
MorganBit,"r=1,b=1024",Sokal,5,0.28704907224262977,0.002840228951689885,0.2493188596904336,0.16543543333951535,0.5778076020406608,0.003716779734581665,0.5052790449804155,0.3581344368277845,0.24355283978525008,0.25584076245643783
MorganBit,"r=1,b=1024",OnBit,5,0.28704907224262977,0.002840228951689885,0.2493188596904336,0.16543543333951535,0.5778076020406608,0.003716779734581665,0.5052790449804155,0.3581344368277845,0.24355283978525008,0.25584076245643783
MorganCount,r=3,Tanimoto,5,0.28446830554770647,0.0030634752104994637,0.24738134857095018,0.1653215670094869,0.5696547223317378,0.0038837312297303455,0.5005462750876767,0.3593477164858632,0.24231839921300222,0.253985699036137
MorganCount,r=3,Dice,5,0.28446830554770647,0.0030634752104994637,0.24738134857095018,0.1653215670094869,0.5696547223317378,0.0038837312297303455,0.5005462750876767,0.3593477164858632,0.24231839921300222,0.253985699036137
MorganBit,"r=1,b=4096",Cosine,5,0.28806630875011774,0.0027905744579877377,0.2497665693384823,0.164991801513336,0.5779671556357996,0.003632274911147603,0.5049983636461275,0.35547223873842376,0.24330063420300777,0.25633554284009924
MorganBit,"r=1,b=2048",Cosine,5,0.28718093623434116,0.002775620995045174,0.2492683118269442,0.164806867874556,0.57885514022768,0.003600012417843502,0.5052400693921741,0.35608066633684277,0.24310410583655145,0.2558942851087878
MorganBit,"r=3,b=2048",Cosine,5,0.284901572949044,0.0029139182434803224,0.24717491863154478,0.16466540766946886,0.5776325898099246,0.003736059183352363,0.5053683473078516,0.3580512887216316,0.24174691139995605,0.25350885764968134
MorganBit,"r=3,b=4096",Cosine,5,0.2855232174813978,0.0028075898087054655,0.24715168545205274,0.1646475766661871,0.5780013630918951,0.0036314647194327352,0.5056473135823274,0.35825228340793985,0.24184660868837193,0.2534173940117004
MorganBit,"r=1,b=1024",Cosine,5,0.2865027785626825,0.002762473381097321,0.24881086936045965,0.16460592570416904,0.5777880412973917,0.0035987216259319066,0.505196235739687,0.35551756204440976,0.24268152883739913,0.2553666407648111
MorganBit,"r=1,b=2048",BraunBlanquet,5,0.28441179240840164,0.002876385000254623,0.24735811539145813,0.16417395679903962,0.5716240354714746,0.0036956990373954867,0.5016660840454271,0.35474446177142854,0.24170544880851466,0.25407286532081674
MorganBit,"r=1,b=4096",BraunBlanquet,5,0.28456249411321466,0.002918491364434644,0.24728747396732703,0.16414318048916995,0.5720314738899921,0.0037869457122846556,0.5011465427442665,0.35394084323553554,0.24127863332391444,0.25388493035278853
MorganCount,r=1,Tanimoto,5,0.28354525760572674,0.0027597408510214826,0.24595125218465141,0.1638931525533947,0.5700699839046119,0.0035201055533298927,0.4988696744880098,0.3562809551925083,0.24023987996190596,0.25254622303852314
MorganCount,r=1,Dice,5,0.28354525760572674,0.0027597408510214826,0.24595125218465141,0.1638931525533947,0.5700699839046119,0.0035201055533298927,0.4988696744880098,0.3562809551925083,0.24023987996190596,0.25254622303852314
MorganBit,"r=3,b=1024",Cosine,5,0.28433644155599513,0.003070866873518112,0.2457402697979132,0.16387471756191463,0.5788102064762944,0.004070826441280318,0.5045675984158824,0.3569859288766639,0.24040922838634057,0.25227986039161515
MorganBit,"r=1,b=1024",BraunBlanquet,5,0.2830554770650843,0.0028563532306336782,0.24621341035864913,0.1638147672193739,0.5673037297437841,0.0036832823494269236,0.49706030172028126,0.3527587551750424,0.2403157750149132,0.25273118060134164
FeatMorganBit,"r=3,b=4096",BraunBlanquet,5,0.2836959593105397,0.002878317012780696,0.24627076072964743,0.1634577338600606,0.5694957204430874,0.0036587148603092084,0.49987561252606605,0.35167537346530703,0.2393391965715362,0.2532890725565916
FeatMorganBit,"r=3,b=2048",BraunBlanquet,5,0.2836394461712348,0.002906430684685139,0.24583890615679257,0.1627344280091958,0.5705936213617698,0.0036414298960915498,0.49994552744989285,0.34889178151514144,0.23972683746193219,0.25274016514395153
FeatMorganBit,"r=3,b=1024",BraunBlanquet,5,0.2831873410567957,0.002776372346643824,0.2457492700386173,0.1624157888080546,0.5713720949823039,0.003514935063037115,0.5010007765574562,0.350705419279931,0.2398212301026655,0.2521005148974914
RDKBit,-,RogotGoldberg,5,0.28576810775171896,0.0028555641185497114,0.24754732975416785,0.1623598744186178,0.5718455335503837,0.0034928666549630173,0.5007066993424346,0.3519156790758387,0.24168430347555805,0.2543406211735895
MorganBit,"r=1,b=4096",Kulczynski,5,0.2841857398511821,0.0027536244011090905,0.2451109855263571,0.16220527060008108,0.571463199157049,0.00357424985352028,0.49429908533868516,0.34956486135699966,0.2394615161219428,0.25159758720291353
MorganBit,"r=1,b=4096",McConnaughey,5,0.2841857398511821,0.0027536244011090905,0.2451109855263571,0.16220527060008108,0.571463199157049,0.00357424985352028,0.49429908533868516,0.34956486135699966,0.2394615161219428,0.25159758720291353
FeatMorganBit,"r=3,b=2048",Tanimoto,5,0.28461900725251954,0.002848381795158558,0.24662619174698855,0.16216074793715507,0.5711573807453887,0.0035415544214703787,0.498191708765469,0.34855509978857224,0.24079459239898274,0.25324772966311887
FeatMorganBit,"r=3,b=2048",Dice,5,0.28461900725251954,0.002848381795158558,0.24662619174698855,0.16216074793715507,0.5711573807453887,0.0035415544214703787,0.498191708765469,0.34855509978857224,0.24079459239898274,0.25324772966311887
FeatMorganBit,"r=3,b=2048",Sokal,5,0.28461900725251954,0.002848381795158558,0.24662619174698855,0.16216074793715507,0.5711573807453887,0.0035415544214703787,0.498191708765469,0.34855509978857224,0.24079459239898274,0.25324772966311887
FeatMorganBit,"r=3,b=2048",OnBit,5,0.28461900725251954,0.002848381795158558,0.24662619174698855,0.16216074793715507,0.5711573807453887,0.0035415544214703787,0.498191708765469,0.34855509978857224,0.24079459239898274,0.25324772966311887
MorganBit,"r=1,b=2048",Kulczynski,5,0.28371479702364133,0.0027349968552259074,0.24505447238705222,0.16204457548380174,0.5693585984478137,0.00354788159438584,0.49257608516960005,0.34865096251966204,0.23906936202944956,0.25165732630058707
MorganBit,"r=1,b=2048",McConnaughey,5,0.28371479702364133,0.0027349968552259074,0.24505447238705222,0.16204457548380174,0.5693585984478137,0.00354788159438584,0.49257608516960005,0.34865096251966204,0.23906936202944956,0.25165732630058707
FeatMorganBit,"r=3,b=4096",Tanimoto,5,0.2847697089573326,0.002819455958950007,0.2468842422529905,0.16202183718846588,0.572657782710856,0.0035221855129167557,0.5003293395286348,0.34906816400125085,0.24094325923832846,0.25340066245957743
FeatMorganBit,"r=3,b=4096",Dice,5,0.2847697089573326,0.002819455958950007,0.2468842422529905,0.16202183718846588,0.572657782710856,0.0035221855129167557,0.5003293395286348,0.34906816400125085,0.24094325923832846,0.25340066245957743
FeatMorganBit,"r=3,b=4096",Sokal,5,0.2847697089573326,0.002819455958950007,0.2468842422529905,0.16202183718846588,0.572657782710856,0.0035221855129167557,0.5003293395286348,0.34906816400125085,0.24094325923832846,0.25340066245957743
FeatMorganBit,"r=3,b=4096",OnBit,5,0.2847697089573326,0.002819455958950007,0.2468842422529905,0.16202183718846588,0.572657782710856,0.0035221855129167557,0.5003293395286348,0.34906816400125085,0.24094325923832846,0.25340066245957743
FeatMorganBit,"r=3,b=4096",RogotGoldberg,5,0.28424225299048694,0.0028483840465662893,0.24649304574424666,0.16191426732676148,0.5702471322594808,0.0035271944710698173,0.4994743339035217,0.34834515512728875,0.24076416753006188,0.25316096040940633
FeatMorganCount,r=3,Tanimoto,5,0.2813600828859376,0.0028431730017470986,0.24398009481648927,0.16171938095953015,0.5678419734752719,0.0036133052610718267,0.49690516583730365,0.34986404809941035,0.23778629399390913,0.25016965715362155
FeatMorganCount,r=3,Dice,5,0.2813600828859376,0.0028431730017470986,0.24398009481648927,0.16171938095953015,0.5678419734752719,0.0036133052610718267,0.49690516583730365,0.34986404809941035,0.23778629399390913,0.25016965715362155
FeatMorganBit,"r=3,b=1024",Tanimoto,5,0.2845436564001131,0.0028552668768952296,0.24631348570950154,0.16164255363705105,0.5696923581704554,0.003570457784144709,0.4964024327835633,0.3478985528576088,0.24054935873284983,0.25310890552886883
FeatMorganBit,"r=3,b=1024",Dice,5,0.2845436564001131,0.0028552668768952296,0.24631348570950154,0.16164255363705105,0.5696923581704554,0.003570457784144709,0.4964024327835633,0.3478985528576088,0.24054935873284983,0.25310890552886883
FeatMorganBit,"r=3,b=1024",Sokal,5,0.2845436564001131,0.0028552668768952296,0.24631348570950154,0.16164255363705105,0.5696923581704554,0.003570457784144709,0.4964024327835633,0.3478985528576088,0.24054935873284983,0.25310890552886883
FeatMorganBit,"r=3,b=1024",OnBit,5,0.2845436564001131,0.0028552668768952296,0.24631348570950154,0.16164255363705105,0.5696923581704554,0.003570457784144709,0.4964024327835633,0.3478985528576088,0.24054935873284983,0.25310890552886883
FeatMorganBit,"r=3,b=2048",RogotGoldberg,5,0.2838278233022511,0.0028178265660192283,0.24589089301225497,0.1615553767111664,0.5703598710021496,0.003518272838257064,0.49699287380576235,0.34812586106669446,0.24032010572666482,0.2523976660858372
MorganBit,"r=1,b=1024",Kulczynski,5,0.28164264858246213,0.002702832538800573,0.24362468996263856,0.16144842320605027,0.5644216332754033,0.0035020890149377263,0.48935479228352013,0.3473153368708826,0.23791843270226995,0.2500660889767983
MorganBit,"r=1,b=1024",McConnaughey,5,0.28164264858246213,0.002702832538800573,0.24362468996263856,0.16144842320605027,0.5644216332754033,0.0035020890149377263,0.48935479228352013,0.3473153368708826,0.23791843270226995,0.2500660889767983
FeatMorganBit,"r=3,b=1024",RogotGoldberg,5,0.28339455590091367,0.0028298442775157836,0.2453960890814522,0.16139538317132252,0.5674902516514382,0.003541912456509328,0.4949568460226539,0.34714632976717136,0.23955789653386075,0.25222542136301324
FeatMorganBit,"r=2,b=2048",RogotGoldberg,5,0.2853160026372798,0.002832465189659173,0.24602241687859094,0.1610523830633754,0.5714123757382427,0.003536162423735877,0.49516273517835574,0.3455854852727446,0.23988295500926188,0.2524205283978525
FeatMorganBit,"r=2,b=4096",RogotGoldberg,5,0.28556089290760106,0.002810353970752856,0.24651047062886566,0.16102252061415698,0.5699502362393724,0.0034889468434215567,0.49611172258077724,0.34601756935664624,0.2403932608081379,0.2530958918087344
FeatMorganBit,"r=2,b=2048",Tanimoto,5,0.2852783272110766,0.002787183687827655,0.24617657216413927,0.16091467004218057,0.5713248503597536,0.0035017464887080415,0.49437884605390714,0.345221479038922,0.24022302282502905,0.25290417883268973
FeatMorganBit,"r=2,b=2048",Dice,5,0.2852783272110766,0.002787183687827655,0.24617657216413927,0.16091467004218057,0.5713248503597536,0.0035017464887080415,0.49437884605390714,0.345221479038922,0.24022302282502905,0.25290417883268973
FeatMorganBit,"r=2,b=2048",Sokal,5,0.2852783272110766,0.002787183687827655,0.24617657216413927,0.16091467004218057,0.5713248503597536,0.0035017464887080415,0.49437884605390714,0.345221479038922,0.24022302282502905,0.25290417883268973
FeatMorganBit,"r=2,b=2048",OnBit,5,0.2852783272110766,0.002787183687827655,0.24617657216413927,0.16091467004218057,0.5713248503597536,0.0035017464887080415,0.49437884605390714,0.345221479038922,0.24022302282502905,0.25290417883268973
FeatMorganBit,"r=2,b=1024",RogotGoldberg,5,0.2852971649241782,0.002800722102411977,0.24602649838309631,0.1607139113702922,0.5726040072781893,0.0034950603044495068,0.4953219008747148,0.344972015024497,0.24002364132994256,0.2525432404006153
FeatMorganBit,"r=2,b=4096",Tanimoto,5,0.28499576151455214,0.002798589169990137,0.24584832501334333,0.16065719566102005,0.5691663483255449,0.0034714649918659766,0.4945789789524965,0.34488453576372696,0.2399997684531098,0.25249759034253244
FeatMorganBit,"r=2,b=4096",Dice,5,0.28499576151455214,0.002798589169990137,0.24584832501334333,0.16065719566102005,0.5691663483255449,0.0034714649918659766,0.4945789789524965,0.34488453576372696,0.2399997684531098,0.25249759034253244
FeatMorganBit,"r=2,b=4096",Sokal,5,0.28499576151455214,0.002798589169990137,0.24584832501334333,0.16065719566102005,0.5691663483255449,0.0034714649918659766,0.4945789789524965,0.34488453576372696,0.2399997684531098,0.25249759034253244
FeatMorganBit,"r=2,b=4096",OnBit,5,0.28499576151455214,0.002798589169990137,0.24584832501334333,0.16065719566102005,0.5691663483255449,0.0034714649918659766,0.4945789789524965,0.34488453576372696,0.2399997684531098,0.25249759034253244
FeatMorganBit,"r=2,b=1024",Tanimoto,5,0.2842045775642837,0.0027585583849048566,0.24616746726947347,0.1606545475325319,0.5673397337806811,0.0034077900006834025,0.4941917819707626,0.34485438334688984,0.24054662333992655,0.2528049511789269
FeatMorganBit,"r=2,b=1024",Dice,5,0.2842045775642837,0.0027585583849048566,0.24616746726947347,0.1606545475325319,0.5673397337806811,0.0034077900006834025,0.4941917819707626,0.34485438334688984,0.24054662333992655,0.2528049511789269
FeatMorganBit,"r=2,b=1024",Sokal,5,0.2842045775642837,0.0027585583849048566,0.24616746726947347,0.1606545475325319,0.5673397337806811,0.0034077900006834025,0.4941917819707626,0.34485438334688984,0.24054662333992655,0.2528049511789269
FeatMorganBit,"r=2,b=1024",OnBit,5,0.2842045775642837,0.0027585583849048566,0.24616746726947347,0.1606545475325319,0.5673397337806811,0.0034077900006834025,0.4941917819707626,0.34485438334688984,0.24054662333992655,0.2528049511789269
FeatMorganBit,"r=2,b=2048",BraunBlanquet,5,0.28179335028727515,0.0029269131144344478,0.2433703023452953,0.16050472893973478,0.5670586544233216,0.0037246296454569784,0.4937942452733922,0.34625800319409444,0.23731152083137108,0.25023920363567864
FeatMorganBit,"r=3,b=2048",Cosine,5,0.281699161721767,0.00281330740191895,0.24352055927077118,0.16039238170127632,0.5649707736876416,0.0034877347990499045,0.49187341255830697,0.3443506180667431,0.2378258060971398,0.25015529601373065
MorganBit,"r=2,b=4096",Kulczynski,5,0.2775737025525101,0.002713952980926802,0.23907124841710883,0.16033523625751228,0.558696194548753,0.0034852020420054527,0.4853260780636343,0.34796849478733305,0.23342741332035624,0.24531760253471893
MorganBit,"r=2,b=4096",McConnaughey,5,0.2775737025525101,0.002713952980926802,0.23907124841710883,0.16033523625751228,0.558696194548753,0.0034852020420054527,0.4853260780636343,0.34796849478733305,0.23342741332035624,0.24531760253471893
FeatMorganBit,"r=3,b=1024",Cosine,5,0.28239615710652727,0.0028242089333354614,0.24423691563844152,0.1601659666531021,0.5662835655785518,0.003529910650707871,0.49359685101409956,0.34521053848385214,0.2385952952811529,0.25071210480047723
FeatMorganBit,"r=2,b=4096",BraunBlanquet,5,0.28184986342658,0.0029149847519923033,0.24328718093623433,0.16011520273121485,0.5678647826326895,0.0037214976785618623,0.4935125616355298,0.3442776660177468,0.236654508492669,0.2504840428871935
FeatMorganBit,"r=3,b=4096",Cosine,5,0.28156729773005557,0.002805798158619284,0.2435471413770368,0.16004801368509947,0.5638762625248099,0.003467484021186088,0.4910868326954065,0.34297287046254765,0.23804773790461836,0.24996690056827098
FeatMorganBit,"r=2,b=4096",Cosine,5,0.28492041066214563,0.002809522696008953,0.245554456688958,0.15993092464587777,0.5694307811879009,0.0034872897224387076,0.49481462529951986,0.34389910027788617,0.24006315735769676,0.2524918448400364
FeatMorganBit,"r=2,b=1024",Cosine,5,0.2829989639257794,0.0027993862178295357,0.2447796772471822,0.15977773285480318,0.5655647787243239,0.0034217844726551574,0.4909486824719505,0.3415602306697975,0.23875318082634767,0.2511668570060595
FeatMorganBit,"r=2,b=2048",Cosine,5,0.2837713101629462,0.0028325755057028263,0.24463627515619604,0.15949258875172317,0.5680168970430415,0.0035323424266242923,0.49326904201203414,0.34277603455386907,0.23873089541929612,0.251641329942545
FeatMorganCount,r=2,Tanimoto,5,0.2790995573137421,0.0028984727868446134,0.24150921478132556,0.1593743350537677,0.5647528045455763,0.0037982535045826132,0.492849458720906,0.3465939318312773,0.23544380867162726,0.24808514646321933
FeatMorganCount,r=2,Dice,5,0.2790995573137421,0.0028984727868446134,0.24150921478132556,0.1593743350537677,0.5647528045455763,0.0037982535045826132,0.492849458720906,0.3465939318312773,0.23544380867162726,0.24808514646321933
FeatMorganBit,"r=2,b=1024",BraunBlanquet,5,0.2805688989356692,0.0028013676501736522,0.24296929452764435,0.15930080872231014,0.5646969794698117,0.003510596042541642,0.49181546479559,0.34304502114677804,0.23683993438196602,0.24960956484882732
MorganBit,"r=2,b=2048",Kulczynski,5,0.2720730903268343,0.002638206705524918,0.23560118468284616,0.15770837580283537,0.5493011226231788,0.003384195704819685,0.4799378033705016,0.3428934129244906,0.23035467227611903,0.24237965840946915
MorganBit,"r=2,b=2048",McConnaughey,5,0.2720730903268343,0.002638206705524918,0.23560118468284616,0.15770837580283537,0.5493011226231788,0.003384195704819685,0.4799378033705016,0.3428934129244906,0.23035467227611903,0.24237965840946915
AtomPairCount,hashed,Tanimoto,5,0.27084863897522843,0.0026453133042586468,0.23525415214592946,0.15735882928485678,0.5501690526490255,0.0033168785413700322,0.4824557509467489,0.34519991544719913,0.2294566850334369,0.24173870129666264
AtomPairCount,hashed,Dice,5,0.27084863897522843,0.0026453133042586468,0.23525415214592946,0.15735882928485678,0.5501690526490255,0.0033168785413700322,0.4824557509467489,0.34519991544719913,0.2294566850334369,0.24173870129666264
RDKBit,-,Tanimoto,5,0.2721107657530376,0.0026909210701284965,0.23624862641675298,0.15668774689205864,0.5524952835670522,0.0033225667667843776,0.4833668163177695,0.34208790878805273,0.23060696288970522,0.2433441218486076
RDKBit,-,Sokal,5,0.2721107657530376,0.0026909210701284965,0.23624862641675298,0.15668774689205864,0.5524952835670522,0.0033225667667843776,0.4833668163177695,0.34208790878805273,0.23060696288970522,0.2433441218486076
FeatMorganBit,"r=2,b=1024",Kulczynski,5,0.2769332203070547,0.00266257916450819,0.23968729396251298,0.15637894611596256,0.5553538332533695,0.0032822600694657838,0.48177705311204577,0.3355806054839414,0.23419526859439269,0.24597032275281777
FeatMorganBit,"r=2,b=1024",McConnaughey,5,0.2769332203070547,0.00266257916450819,0.23968729396251298,0.15637894611596256,0.5553538332533695,0.0032822600694657838,0.48177705311204577,0.3355806054839414,0.23419526859439269,0.24597032275281777
TopTorsionCount,hashed,Tanimoto,5,0.26894602995196387,0.0028572133410445007,0.233465275815516,0.15627047875607428,0.5322073798702689,0.003524511419964153,0.46640400468422544,0.33594738702170257,0.22798095232488774,0.2398576398700198
TopTorsionCount,hashed,Dice,5,0.26894602995196387,0.0028572133410445007,0.233465275815516,0.15627047875607428,0.5322073798702689,0.003524511419964153,0.46640400468422544,0.33594738702170257,0.22798095232488774,0.2398576398700198
RDKBit,-,Dice,5,0.2702269944428746,0.0026356170047184676,0.2350706414241311,0.1559964342837102,0.5473919572461485,0.0032245338004111973,0.4801787825676398,0.34028936813151706,0.22954526937929734,0.24209817980597156
RDKBit,-,OnBit,5,0.2702269944428746,0.0026356170047184676,0.2350706414241311,0.1559964342837102,0.5473919572461485,0.0032245338004111973,0.4801787825676398,0.34028936813151706,0.22954526937929734,0.24209817980597156
FeatMorganBit,"r=2,b=2048",Kulczynski,5,0.27623622492229444,0.0026351477940301897,0.2382832564126715,0.15577478946162066,0.5550807028914488,0.0032945479349700507,0.48129847139173293,0.3354663265772465,0.23302765219302377,0.24493201940284448
FeatMorganBit,"r=2,b=2048",McConnaughey,5,0.27623622492229444,0.0026351477940301897,0.2382832564126715,0.15577478946162066,0.5550807028914488,0.0032945479349700507,0.48129847139173293,0.3354663265772465,0.23302765219302377,0.24493201940284448
MorganBit,"r=2,b=1024",Kulczynski,5,0.2668362060845813,0.0025585189529592463,0.23212280095863033,0.15575375281024467,0.5420803696517399,0.003323379289039787,0.4751546648357884,0.3399329332025152,0.22713628300524316,0.2394163553211307
MorganBit,"r=2,b=1024",McConnaughey,5,0.2668362060845813,0.0025585189529592463,0.23212280095863033,0.15575375281024467,0.5420803696517399,0.003323379289039787,0.4751546648357884,0.3399329332025152,0.22713628300524316,0.2394163553211307
FeatMorganBit,"r=2,b=4096",Kulczynski,5,0.27610436093058305,0.0026576940340521135,0.23764395152428497,0.15552580747559575,0.555284863164206,0.0033412403844452687,0.48008316582685673,0.33519892221183517,0.2326970483658284,0.24436759246177514
FeatMorganBit,"r=2,b=4096",McConnaughey,5,0.27610436093058305,0.0026576940340521135,0.23764395152428497,0.15552580747559575,0.555284863164206,0.0033412403844452687,0.48008316582685673,0.33519892221183517,0.2326970483658284,0.24436759246177514
RDKBit,-,Cosine,5,0.2648959216351135,0.0025913160232409857,0.23079134093121093,0.15392726536264514,0.5383569368814858,0.003189906572297639,0.4713920296965607,0.33523755292244656,0.2249847414523877,0.23735022448274778
MACCS,-,RogotGoldberg,5,0.2729584628426109,0.0026341747041285254,0.23317336975291203,0.15374025555526769,0.5521929893098052,0.0034493516015812915,0.4764960564341529,0.3322304701038526,0.22751843348717468,0.2393680300461524
RDKBit,-,BraunBlanquet,5,0.2703023452952812,0.0026398215903344524,0.23211416700679205,0.15354650128275257,0.5503055530909479,0.003295291382902192,0.47799738045051154,0.3344054366120856,0.2271953902546231,0.23827625898715898
MACCS,-,Kulczynski,5,0.272901949703306,0.0025949273766947955,0.23302015635301873,0.15323360766270783,0.5530818294942665,0.0034175016979656066,0.4774521705259471,0.33176735358167725,0.22748856393833788,0.23908560170795268
MACCS,-,Cosine,5,0.2723744937364604,0.002608535485371719,0.232525666384101,0.153226245995509,0.5540632673187064,0.0034479391807104996,0.4768345924318736,0.3327449884496123,0.2274911384257951,0.2388664877083922
MACCS,-,McConnaughey,5,0.27265705943298485,0.002589336833311609,0.23291843270226995,0.15316724313014668,0.5522334246555971,0.0034230477229136138,0.4766836092105381,0.3311596169997513,0.22723004772220648,0.2390182922043264
MACCS,-,Tanimoto,5,0.2722237920316473,0.002586865723175659,0.23196587234309757,0.152837150398808,0.5544655474840757,0.0034289302953168926,0.47582232374011446,0.3318134112670226,0.22676718941320523,0.23828809927474806
MACCS,-,Dice,5,0.2722237920316473,0.002586865723175659,0.23196587234309757,0.152837150398808,0.5544655474840757,0.0034289302953168926,0.47582232374011446,0.3318134112670226,0.22676718941320523,0.23828809927474806
MACCS,-,Sokal,5,0.2722237920316473,0.002586865723175659,0.23196587234309757,0.152837150398808,0.5544655474840757,0.0034289302953168926,0.47582232374011446,0.3318134112670226,0.22676718941320523,0.23828809927474806
MACCS,-,OnBit,5,0.2722237920316473,0.002586865723175659,0.23196587234309757,0.152837150398808,0.5544655474840757,0.0034289302953168926,0.47582232374011446,0.3318134112670226,0.22676718941320523,0.23828809927474806
MorganBit,"r=3,b=4096",Kulczynski,5,0.25866063859847416,0.002502322868650782,0.22013939907695204,0.1503197882305583,0.5279947155930166,0.0033098298575808165,0.4546967341177059,0.3293471102741526,0.2146981884399234,0.22612425826504665
MorganBit,"r=3,b=4096",McConnaughey,5,0.25866063859847416,0.002502322868650782,0.22013939907695204,0.1503197882305583,0.5279947155930166,0.0033098298575808165,0.4546967341177059,0.3293471102741526,0.2146981884399234,0.22612425826504665
FeatMorganBit,"r=3,b=1024",Kulczynski,5,0.26024300649901105,0.002488672224903814,0.22637154249474115,0.14873033362480506,0.5331321422489457,0.0032201240491996114,0.4663174971821424,0.32388723567818645,0.22109488713070233,0.23273277134155912
FeatMorganBit,"r=3,b=1024",McConnaughey,5,0.26024300649901105,0.002488672224903814,0.22637154249474115,0.14873033362480506,0.5331321422489457,0.0032201240491996114,0.4663174971821424,0.32388723567818645,0.22109488713070233,0.23273277134155912
RDKBit,-,Kulczynski,5,0.2530658378072902,0.0024613029697511963,0.22179335028727515,0.14854276124036314,0.5207811904758222,0.0030977138943306336,0.45833806022860824,0.32497815857044576,0.21649772377633356,0.22884700637342625
RDKBit,-,McConnaughey,5,0.25282094753696904,0.00246243733081158,0.221271859596245,0.14845498642438157,0.5192807352770255,0.0030835924015145686,0.4562419488742627,0.32424568304644014,0.21597873693133657,0.22810981601833538
MorganBit,"r=2,b=4096",Russel,5,0.2618818875388528,0.0026282507393694406,0.2242989231107344,0.14787406869507388,0.5261326336750004,0.003331166530860096,0.45542491135463936,0.3212062714609015,0.2186030462151895,0.23114386126024303
FeatMorganBit,"r=3,b=2048",Kulczynski,5,0.2547989074126401,0.0024198485221941487,0.22207089259363916,0.14762565833716307,0.5258487163193882,0.003120908711286541,0.45973771130494345,0.3215190056333015,0.2170154783209318,0.2285250306112838
FeatMorganBit,"r=3,b=2048",McConnaughey,5,0.2547989074126401,0.0024198485221941487,0.22207089259363916,0.14762565833716307,0.5258487163193882,0.003120908711286541,0.45973771130494345,0.3215190056333015,0.2170154783209318,0.2285250306112838
MorganBit,"r=3,b=4096",Russel,5,0.2586794763115758,0.00248649781069555,0.221913440708298,0.1466745596370941,0.5269148246456896,0.0031762296866781974,0.4558131656780485,0.3210322640925477,0.21617723148409787,0.22819963658911807
FeatMorganCount,r=1,Tanimoto,5,0.26374682113591413,0.002548155333549213,0.2247210448651534,0.14655731877155223,0.5372835840731294,0.0032864582933931426,0.4612215126940989,0.3191552882294305,0.2188770603748705,0.23121571536215502
FeatMorganCount,r=1,Dice,5,0.26374682113591413,0.002548155333549213,0.2247210448651534,0.14655731877155223,0.5372835840731294,0.0032864582933931426,0.4612215126940989,0.3191552882294305,0.2188770603748705,0.23121571536215502
FeatMorganBit,"r=3,b=4096",Kulczynski,5,0.2520862767260055,0.0023578382829144632,0.2201538413236633,0.1463631707656173,0.5217771909690913,0.003085789076897242,0.45703748422760243,0.31986250385066045,0.21503614486201378,0.2270635694326709
FeatMorganBit,"r=3,b=4096",McConnaughey,5,0.2520862767260055,0.0023578382829144632,0.2201538413236633,0.1463631707656173,0.5217771909690913,0.003085789076897242,0.45703748422760243,0.31986250385066045,0.21503614486201378,0.2270635694326709
MorganBit,"r=2,b=2048",Russel,5,0.25930112084392953,0.002475898983718849,0.22211531820037048,0.14557254353406646,0.5233005782313758,0.0031122722254025834,0.4521344778919939,0.31676820481236284,0.21653034441618788,0.22853486154280872
MorganBit,"r=3,b=2048",Kulczynski,5,0.24658566450032965,0.0023330365031174367,0.21202944962481557,0.14520032745930853,0.5094933518189582,0.0031229017976273934,0.44236786544674983,0.32014610632947327,0.20689683212458007,0.21812435245361217
MorganBit,"r=3,b=2048",McConnaughey,5,0.24658566450032965,0.0023330365031174367,0.21202944962481557,0.14520032745930853,0.5094933518189582,0.0031229017976273934,0.44236786544674983,0.32014610632947327,0.20689683212458007,0.21812435245361217
MACCS,-,BraunBlanquet,5,0.2600357916548931,0.0025070193973844275,0.21922624093435059,0.14327981086313457,0.5310125819475773,0.0033019783000614307,0.4513641637401911,0.3101448345533797,0.21393617939782109,0.22516259301120842
MorganBit,"r=3,b=2048",Russel,5,0.25088066308750123,0.0024739903836207646,0.21479176477975573,0.14254885798878494,0.5131674350425246,0.0032186357546951385,0.4422849364267176,0.3127532971934384,0.2092554805971555,0.2214756287086748
MorganBit,"r=3,b=1024",Kulczynski,5,0.23705378167090516,0.0022733342681095703,0.20672537753916673,0.14211512207682211,0.4945168487860907,0.0030686261769419408,0.4327384637064374,0.3142952661700519,0.2014995133590782,0.21326970895733255
MorganBit,"r=3,b=1024",McConnaughey,5,0.23705378167090516,0.0022733342681095703,0.20672537753916673,0.14211512207682211,0.4945168487860907,0.0030686261769419408,0.4327384637064374,0.3142952661700519,0.2014995133590782,0.21326970895733255
MorganBit,"r=2,b=1024",Russel,5,0.25061693510407834,0.002380847206261663,0.21414939876299016,0.14097087084970109,0.5130140444772311,0.0030440153349969006,0.4405804964561591,0.30794635349981775,0.20866794409908637,0.22042298514960285
FeatMorganBit,"r=3,b=4096",Russel,5,0.25042855797306207,0.0023486969871176996,0.21479608175567483,0.140842381526272,0.5083142986988741,0.0029507866508821793,0.43844664941284806,0.3022619655821109,0.20935181391479074,0.2217369705817714
FeatMorganBit,"r=1,b=1024",Cosine,5,0.2613921069982104,0.0024438818075266703,0.22152051740918652,0.14012725201817022,0.5286346758281459,0.0031934914098359015,0.45266471407881353,0.3006577478400394,0.21488872405889925,0.2281338184044457
FeatMorganBit,"r=1,b=2048",RogotGoldberg,5,0.2626542337760196,0.0024779760755573393,0.2220037047502433,0.1400909173460635,0.5320569439746727,0.0032433209840194753,0.454864422190607,0.301478454255755,0.2157098364258579,0.22908382782330225
FeatMorganBit,"r=1,b=2048",Tanimoto,5,0.26269190920222285,0.002479740619972533,0.22198894854164702,0.14002264456360036,0.5322223672237255,0.003248110256007614,0.45462740277480534,0.3011490974314774,0.21572510282251736,0.22835395278013249
FeatMorganBit,"r=1,b=2048",Dice,5,0.26269190920222285,0.002479740619972533,0.22198894854164702,0.14002264456360036,0.5322223672237255,0.003248110256007614,0.45462740277480534,0.3011490974314774,0.21572510282251736,0.22835395278013249
FeatMorganBit,"r=1,b=2048",Sokal,5,0.26269190920222285,0.002479740619972533,0.22198894854164702,0.14002264456360036,0.5322223672237255,0.003248110256007614,0.45462740277480534,0.3011490974314774,0.21572510282251736,0.22835395278013249
FeatMorganBit,"r=1,b=2048",OnBit,5,0.26269190920222285,0.002479740619972533,0.22198894854164702,0.14002264456360036,0.5322223672237255,0.003248110256007614,0.45462740277480534,0.3011490974314774,0.21572510282251736,0.22835395278013249
FeatMorganBit,"r=1,b=2048",Cosine,5,0.26203258924366585,0.0025162555423335477,0.2217986876393206,0.1399502387816294,0.5319788375023509,0.003266115225868811,0.45412497622387654,0.3006716974195277,0.21590871558192834,0.22847427867256911
FeatMorganBit,"r=1,b=2048",Kulczynski,5,0.26231515494019025,0.0025420347783863713,0.22217434303475556,0.1398688140212925,0.5340218433746124,0.003312941059634012,0.4551854748459453,0.3014846012235148,0.2162035414900631,0.22860348183730497
FeatMorganBit,"r=1,b=2048",McConnaughey,5,0.26231515494019025,0.0025420347783863713,0.22217434303475556,0.1398688140212925,0.5340218433746124,0.003312941059634012,0.4551854748459453,0.3014846012235148,0.2162035414900631,0.22860348183730497
FeatMorganBit,"r=1,b=4096",Tanimoto,5,0.2618630498257512,0.0024676598328948495,0.2211999623245738,0.13982859922564508,0.5295872154201738,0.003205878550558409,0.4521270840739969,0.3019666026714906,0.21476235440017583,0.22749491381746254
FeatMorganBit,"r=1,b=4096",Dice,5,0.2618630498257512,0.0024676598328948495,0.2211999623245738,0.13982859922564508,0.5295872154201738,0.003205878550558409,0.4521270840739969,0.3019666026714906,0.21476235440017583,0.22749491381746254
FeatMorganBit,"r=1,b=4096",Sokal,5,0.2618630498257512,0.0024676598328948495,0.2211999623245738,0.13982859922564508,0.5295872154201738,0.003205878550558409,0.4521270840739969,0.3019666026714906,0.21476235440017583,0.22749491381746254
FeatMorganBit,"r=1,b=4096",OnBit,5,0.2618630498257512,0.0024676598328948495,0.2211999623245738,0.13982859922564508,0.5295872154201738,0.003205878550558409,0.4521270840739969,0.3019666026714906,0.21476235440017583,0.22749491381746254
FeatMorganBit,"r=1,b=4096",RogotGoldberg,5,0.2615239709899218,0.0024165859846333394,0.220763241342501,0.13976576905098195,0.5281845709649641,0.0031570627129938566,0.4501654770225902,0.300911269978072,0.2144318153276192,0.22742145458541332
FeatMorganBit,"r=3,b=2048",Russel,5,0.24841292267118772,0.0023384028003501046,0.2122438855922891,0.1396093445975445,0.5067544351836785,0.0029464972962804006,0.43563388571158457,0.30076467471510504,0.2064153519512731,0.21892838921854887
FeatMorganBit,"r=1,b=1024",RogotGoldberg,5,0.2615428087030235,0.0024364520417734167,0.2208115914727952,0.1395409961915857,0.529373095978857,0.0032009252828794146,0.45123082635459494,0.299996066163372,0.2145777055665442,0.2272199303004615
FeatMorganBit,"r=1,b=4096",Cosine,5,0.2615804841292267,0.002443143365317619,0.22094533923581677,0.13949641844757624,0.5289324081437985,0.003171688721018169,0.4514744632115171,0.30052229864846286,0.21457291764779757,0.22711526325704062
FeatMorganBit,"r=1,b=1024",Tanimoto,5,0.2607327870396534,0.0024298084300330472,0.21995227779347584,0.1392943038958205,0.5264764013242831,0.0031657221420070478,0.44867915654860535,0.29876209068002985,0.21320011145646914,0.22650498414492484
FeatMorganBit,"r=1,b=1024",Dice,5,0.2607327870396534,0.0024298084300330472,0.21995227779347584,0.1392943038958205,0.5264764013242831,0.0031657221420070478,0.44867915654860535,0.29876209068002985,0.21320011145646914,0.22650498414492484
FeatMorganBit,"r=1,b=1024",Sokal,5,0.2607327870396534,0.0024298084300330472,0.21995227779347584,0.1392943038958205,0.5264764013242831,0.0031657221420070478,0.44867915654860535,0.29876209068002985,0.21320011145646914,0.22650498414492484
FeatMorganBit,"r=1,b=1024",OnBit,5,0.2607327870396534,0.0024298084300330472,0.21995227779347584,0.1392943038958205,0.5264764013242831,0.0031657221420070478,0.44867915654860535,0.29876209068002985,0.21320011145646914,0.22650498414492484
FeatMorganBit,"r=1,b=1024",Kulczynski,5,0.26067627390034853,0.0024283725066364353,0.2198819503312298,0.139032769198996,0.5327184416719155,0.003194069942242068,0.45358798494820934,0.3009575157458017,0.21368672883111992,0.2265360663715425
FeatMorganBit,"r=1,b=1024",McConnaughey,5,0.26067627390034853,0.0024283725066364353,0.2198819503312298,0.139032769198996,0.5327184416719155,0.003194069942242068,0.45358798494820934,0.3009575157458017,0.21368672883111992,0.2265360663715425
FeatMorganBit,"r=1,b=4096",Kulczynski,5,0.2611660544409909,0.0025026433913458413,0.22033421242661141,0.1385209890775623,0.5309560405846353,0.0032397875239029423,0.45191124098748253,0.2986529087802042,0.2144254968446831,0.2264992307933817
FeatMorganBit,"r=1,b=4096",McConnaughey,5,0.2611660544409909,0.0025026433913458413,0.22033421242661141,0.1385209890775623,0.5309560405846353,0.0032397875239029423,0.45191124098748253,0.2986529087802042,0.2144254968446831,0.2264992307933817
MorganBit,"r=1,b=4096",Russel,5,0.24860129980220397,0.002330236681719881,0.21049810053059556,0.13629016230569346,0.5065738596492969,0.0030483392560443244,0.43092912953282403,0.2959440424271739,0.2047130152899438,0.21716641549715868
FeatMorganBit,"r=1,b=2048",BraunBlanquet,5,0.25634359988697375,0.002447418810182539,0.21525666384100972,0.13619333745002846,0.5213981808130826,0.0031831071176160906,0.44212551935395467,0.29446823663217575,0.2093608167718439,0.22193822407459737
FeatMorganBit,"r=2,b=4096",Russel,5,0.24651031364792317,0.00228525638760629,0.2089085115067031,0.13605624874252586,0.5052734297180852,0.002916571185495815,0.43003803933011286,0.2925837897506866,0.2032814432827855,0.21598392122696303
MorganBit,"r=1,b=2048",Russel,5,0.24741452387680138,0.002338815421111966,0.20936846566826786,0.13583813227812291,0.5028303535939823,0.003033115281360842,0.4280411898490159,0.29439603017648214,0.20381119117139182,0.21549425842202757
FeatMorganBit,"r=1,b=4096",BraunBlanquet,5,0.2542714514457945,0.002366901693519851,0.21341778908040562,0.13516725267874982,0.5178850553007799,0.003061510277023961,0.4385888207571959,0.29229576191385476,0.20681845153998307,0.22008912985463563
FeatMorganBit,"r=1,b=1024",BraunBlanquet,5,0.2536498069134407,0.002401110163047456,0.2133976955197639,0.1348292317663827,0.512430666360021,0.0031138069807785597,0.4359162949215931,0.29032175443139846,0.20727720087281407,0.21985635066402937
FeatMorganBit,"r=2,b=2048",Russel,5,0.24440048978054066,0.0023361841606129603,0.20658566450032964,0.1345932094004381,0.5007914469019024,0.0028943532157102926,0.425904702966284,0.29044917034935985,0.20107493092838527,0.21388345342375437
MorganBit,"r=1,b=1024",Russel,5,0.24539888857492698,0.002290746629300414,0.20706853787950144,0.13379012761336714,0.5004809938125958,0.0029965222827514175,0.4252468364191693,0.2893914571618036,0.2013617233367869,0.2129521757558632
FeatMorganBit,"r=3,b=1024",Russel,5,0.23746821135914103,0.002197513758857792,0.20218690151015667,0.13306842813567216,0.490710316251539,0.0028196470110460176,0.420661231324881,0.2879496779044727,0.19677354321685345,0.20845675959938464
FeatMorganBit,"r=2,b=1024",Russel,5,0.23841009701422244,0.002167774649721467,0.20174076167153307,0.13134937007332378,0.48692617091194795,0.0027497150668448697,0.4163583697540689,0.2831071768232945,0.19595576669492323,0.20815553671784245
MorganBit,"r=3,b=1024",Russel,5,0.23226900254309127,0.0021652069215847072,0.19611848921540923,0.1303928748014265,0.4829178593917589,0.0028645859594512765,0.4097068044743741,0.2884094113871463,0.1914222394901259,0.20254151753477126
Descriptors,p=12,Mahalanobis,5,0.22597720636714705,0.00208500236951726,0.1851574518853411,0.11543863719689916,0.47597218886792525,0.002847721117353629,0.3936094136647559,0.255180735140955,0.1804109054660764,0.19033853725157768
Descriptors,p=12,Manhattan,5,0.20527455966845626,0.001864157995706227,0.16465950833568804,0.10152498152091853,0.44175520658789025,0.002772596385634556,0.36160752710269484,0.22615918663901485,0.15990307996609213,0.16951864933597063
Descriptors,p=12,Euclidean,5,0.20220401243289066,0.0018389175913067417,0.1618935041285988,0.09982468976778162,0.4354715991871511,0.002715302593948451,0.35429312946947666,0.2234179312106895,0.15777479513987,0.16675181312988607
Descriptors,p=12,Cosine,5,0.20154469247433363,0.0018143239970470442,0.1611412514520737,0.09801239592062114,0.43216481547730895,0.0025988259003186546,0.3526755699499645,0.22207063974675656,0.15704769865938276,0.16662224890898245
FeatMorganBit,"r=1,b=4096",Russel,5,0.1971178298954507,0.0017309741148821376,0.15860648017330697,0.09658830981067401,0.40632368632199667,0.0023228136673948446,0.32673468644915127,0.20490889088431868,0.1539849573011836,0.16461309299551036
FeatMorganBit,"r=1,b=2048",Russel,5,0.19775831214090614,0.0017531502092042693,0.1581697591912342,0.09526963952580494,0.41167096379418633,0.0023638634900952304,0.33066485358041176,0.20296762086662126,0.15369543734890584,0.16387888920285082
Descriptors,p=12,Correlation,5,0.19638315908448714,0.0017844945146018641,0.1572195535461995,0.09504980817593964,0.42331590579245265,0.0026097661353409744,0.3458162109463969,0.21474944077988023,0.153104109761075,0.16215915512856738
FeatMorganBit,"r=1,b=1024",Russel,5,0.19659037392860504,0.001784178557844854,0.15727088631440142,0.09477067072764903,0.4106407547401035,0.0024589225116619273,0.32892069898645304,0.20239140864211114,0.15308093544943646,0.16340621566041882
MorganBit,"r=2,b=4096",Asymmetric,5,0.19817274182914194,0.0019144307365197093,0.13729121534645694,0.08861793087786878,0.4067282004015017,0.0025438558160932067,0.2853605249305112,0.19216901370504977,0.1332547525980346,0.14123477873536155
MorganBit,"r=1,b=4096",Asymmetric,5,0.19199397193180748,0.0016416298491640133,0.13807604156855358,0.08325842869717373,0.3990686001131205,0.0022208035316005357,0.2917571637376195,0.18088472392064894,0.1336713290006593,0.14186908574299079
MorganBit,"r=3,b=4096",Asymmetric,5,0.17515305641895076,0.001582903911120387,0.11447175912844182,0.0748156960780356,0.3621616054788263,0.0022193674793243015,0.2412278070062192,0.16467794963915802,0.11110610341904494,0.11793648551065901
MACCS,-,Russel,5,0.17002919845530756,0.0015050582086529657,0.1298970205017111,0.07198394380713714,0.35572930208904363,0.00218954273639552,0.2713017402657925,0.15898087996588464,0.12600470550375184,0.13446553090954758
MorganBit,"r=1,b=2048",Asymmetric,5,0.1801262126777809,0.0015176250661097703,0.12392106998210418,0.07145429283172314,0.37823250888298826,0.0020481718381983416,0.26667872658600866,0.1582757535283331,0.12018614800163259,0.12788972873693136
MorganBit,"r=2,b=2048",Asymmetric,5,0.16869172082509185,0.0013502817825154097,0.10710370161062446,0.06696618788512541,0.35301259249319944,0.0018553450692661132,0.23027803011251705,0.14899394572558983,0.10366026969325924,0.11049961539669086
MorganBit,"r=1,b=1024",Asymmetric,5,0.15599510219459362,0.0012994395004062053,0.09944083388276663,0.05725171146928067,0.3328948816181635,0.0017990261677349668,0.2176309202436166,0.1270937296236299,0.09591560704530469,0.10287214687136982
MorganBit,"r=3,b=2048",Asymmetric,5,0.1342563812753132,0.0010631264517175886,0.07903174154657626,0.05024888851481862,0.28105577212346894,0.0014968276131228637,0.17002477432384194,0.1112790178560953,0.07639924963109479,0.08187096166525384
RDKBit,-,Russel,5,0.09185268908354526,0.0008825993774715137,0.06985965903739286,0.0440283889299675,0.22484637038365513,0.0013132689320484857,0.17163396133485928,0.11016740552919538,0.06704532039810367,0.07354891526168723
MorganBit,"r=2,b=1024",Asymmetric,5,0.12236978430818499,0.0009676931382525179,0.0700764497190041,0.043563846008420275,0.26273116283226644,0.0013666060719050748,0.15475516105865395,0.09805109109086693,0.06741353882138708,0.0725680983328624
RDKBit,-,Asymmetric,5,0.11489121220683811,0.0007602972289670669,0.07552101974820258,0.03076338568683825,0.25138257835918065,0.001110595181928251,0.16987864473967473,0.06732810433794273,0.07232176383787009,0.07828517158017015
MACCS,-,Asymmetric,5,0.1073372892530847,0.0008501402984823546,0.06722606825531381,0.029271994810689678,0.2301740266616508,0.0012257386005663324,0.144710561831007,0.06423003745915862,0.06494314542714515,0.06994883598631126
MorganBit,"r=3,b=1024",Asymmetric,5,0.08691720825091834,0.0006869851190036438,0.04797714357477002,0.02893250562111156,0.18962602177835236,0.0009906018875664344,0.10841958948703481,0.06722346103842389,0.04572154720416942,0.0499644830617563
FeatMorganBit,"r=1,b=1024",Asymmetric,5,0.04807384383535839,0.00031871551342911955,0.02721766977488933,0.010288361062311535,0.1165638169962286,0.0005586241935115384,0.06712546148677558,0.02454796553717119,0.02559255596370601,0.028808051552541524
FeatMorganBit,"r=1,b=2048",Asymmetric,5,0.0470566073278704,0.0003184078899801278,0.026181281592414684,0.009985414875020181,0.11204642621714991,0.000537535936340322,0.06354148740542506,0.023500026581465897,0.02481099494521365,0.02758976955197639
FeatMorganBit,"r=1,b=4096",Asymmetric,5,0.04570029198455308,0.00032811134819043657,0.025321967913095354,0.009971711015881363,0.11290517988623636,0.0005733004317679003,0.06451341580800235,0.024674612107973212,0.023929523405858532,0.02685650372044834
Random,-,Random,5,0.053574456061034184,0.00026263036592279686,0.028683871777966156,0.00715087897555655,0.12228176603050056,0.0004782453840178611,0.06684093613206399,0.01750497894732388,,
FeatMorganBit,"r=2,b=2048",Asymmetric,5,0.027804464538005086,0.00018425552200755735,0.015048193149351668,0.0053689388966674904,0.069934252801864,0.000321201699310826,0.03801239490636219,0.013854229750401346,0.013853576025870458,0.016274991366048163
FeatMorganBit,"r=2,b=1024",Asymmetric,5,0.03078082320806254,0.00020638451735750094,0.016189130639540358,0.005251849343150633,0.07809256218635134,0.0003788781163961364,0.04127754565468111,0.01344113183218775,0.01519844745847854,0.017664837838686387
FeatMorganBit,"r=3,b=2048",Asymmetric,5,0.02757841198078553,0.0001729613790982147,0.014759348215126682,0.005124440513247762,0.07066508177543993,0.00033710783851985805,0.03863620013863359,0.013060472893992496,0.013768570845499355,0.016040085083670844
FeatMorganBit,"r=2,b=4096",Asymmetric,5,0.028915889611001225,0.00018583623086089278,0.01528021098238674,0.005001003705077569,0.07770923412690572,0.00036717039546888734,0.04146115227562852,0.013411662923933042,0.014215793852626292,0.01653010109572698
FeatMorganBit,"r=3,b=1024",Asymmetric,5,0.029801262126777806,0.00017884628279815664,0.015701547832093182,0.004772692326220215,0.07751203002596557,0.000349611026323241,0.04153085098564829,0.012624696823122962,0.014661337163668332,0.016922914508178705
FeatMorganBit,"r=3,b=4096",Asymmetric,5,0.02716398229254969,0.00018534134343430327,0.014696241876236225,0.004666482979988912,0.07087808590406602,0.000341027518379715,0.03933880911816908,0.011907850303752016,0.013692497880757276,0.015708792502590187
MorganBit,"r=2,b=4096",Tanimoto,20,0.24047753602712632,0.008287341075010538,0.18170545028837054,0.1596525784893147,0.4862504360125414,0.011145845647124486,0.37209723090551033,0.3365396870469941,0.1773243486957453,0.18737981994305952
MorganBit,"r=2,b=4096",Dice,20,0.24047753602712632,0.008287341075010538,0.18170545028837054,0.1596525784893147,0.4862504360125414,0.011145845647124486,0.37209723090551033,0.3365396870469941,0.1773243486957453,0.18737981994305952
MorganBit,"r=2,b=4096",Sokal,20,0.24047753602712632,0.008287341075010538,0.18170545028837054,0.1596525784893147,0.4862504360125414,0.011145845647124486,0.37209723090551033,0.3365396870469941,0.1773243486957453,0.18737981994305952
MorganBit,"r=2,b=4096",OnBit,20,0.24047753602712632,0.008287341075010538,0.18170545028837054,0.1596525784893147,0.4862504360125414,0.011145845647124486,0.37209723090551033,0.3365396870469941,0.1773243486957453,0.18737981994305952
MorganBit,"r=2,b=4096",RogotGoldberg,20,0.24055759630780824,0.008309276794840429,0.18167961195076082,0.15961537743643556,0.4863959049462316,0.011183486867301293,0.3719303560938835,0.33611796580017794,0.17728554969519347,0.18731933955166624
MorganBit,"r=2,b=4096",BraunBlanquet,20,0.23834887444664218,0.008072763683529055,0.18071065131553377,0.15909014099276128,0.48522867207310766,0.011069890092159789,0.37177327022797935,0.33652304235478797,0.1760743358195068,0.18639038331291571
MorganBit,"r=2,b=2048",Tanimoto,20,0.23943675237826126,0.00810498180274583,0.1808770558551648,0.15890840411107798,0.4831894079480642,0.01086611245478992,0.36959649728948785,0.3353130015698482,0.176580283993344,0.1862671360188996
MorganBit,"r=2,b=2048",Dice,20,0.23943675237826126,0.00810498180274583,0.1808770558551648,0.15890840411107798,0.4831894079480642,0.01086611245478992,0.36959649728948785,0.3353130015698482,0.176580283993344,0.1862671360188996
MorganBit,"r=2,b=2048",Sokal,20,0.23943675237826126,0.00810498180274583,0.1808770558551648,0.15890840411107798,0.4831894079480642,0.01086611245478992,0.36959649728948785,0.3353130015698482,0.176580283993344,0.1862671360188996
MorganBit,"r=2,b=2048",OnBit,20,0.23943675237826126,0.00810498180274583,0.1808770558551648,0.15890840411107798,0.4831894079480642,0.01086611245478992,0.36959649728948785,0.3353130015698482,0.176580283993344,0.1862671360188996
MorganBit,"r=2,b=2048",RogotGoldberg,20,0.23946029951963832,0.008125795702458583,0.18070841284931402,0.15882333557888215,0.48295859206849256,0.010893408454795962,0.36897458438523095,0.33476287814431377,0.17645032240654515,0.18607479535113283
MorganBit,"r=2,b=2048",BraunBlanquet,20,0.23696901196194783,0.008050318998568765,0.17946786651366878,0.1582958002346793,0.480767743118147,0.010936942707981432,0.3679847947393496,0.3343166561706277,0.17501146692812025,0.1852195177462119
MorganBit,"r=2,b=4096",Cosine,20,0.23866911556936987,0.008218683911701377,0.17951880297053535,0.15792677793668844,0.48285101919367573,0.011103746339898489,0.36755227125213075,0.33296910111988826,0.1751321882535286,0.18482939321843483
MorganBit,"r=2,b=1024",Tanimoto,20,0.23746821135914098,0.00813456582545612,0.17910502371991407,0.15789232625289273,0.4795290076459699,0.010962111542383907,0.366573443821671,0.3328169368018667,0.17485592206707484,0.18470939896511726
MorganBit,"r=2,b=1024",Dice,20,0.23746821135914098,0.00813456582545612,0.17910502371991407,0.15789232625289273,0.4795290076459699,0.010962111542383907,0.366573443821671,0.3328169368018667,0.17485592206707484,0.18470939896511726
MorganBit,"r=2,b=1024",Sokal,20,0.23746821135914098,0.00813456582545612,0.17910502371991407,0.15789232625289273,0.4795290076459699,0.010962111542383907,0.366573443821671,0.3328169368018667,0.17485592206707484,0.18470939896511726
MorganBit,"r=2,b=1024",OnBit,20,0.23746821135914098,0.00813456582545612,0.17910502371991407,0.15789232625289273,0.4795290076459699,0.010962111542383907,0.366573443821671,0.3328169368018667,0.17485592206707484,0.18470939896511726
MorganBit,"r=3,b=4096",BraunBlanquet,20,0.2357304323255157,0.007980129649479093,0.17801440686421396,0.15758101476825057,0.47928672263019645,0.010938181293333698,0.3667519142288189,0.33388801826477077,0.17352380793826383,0.18359796718094054
MorganBit,"r=2,b=1024",RogotGoldberg,20,0.23717151737779035,0.00813036552523951,0.17866477044824913,0.15750636065414902,0.4783888049176008,0.010929301888373386,0.3653630783942285,0.3319853338770718,0.1743198629606014,0.1841882909443327
MorganBit,"r=1,b=4096",RogotGoldberg,20,0.23850899500800604,0.00813057841901082,0.1794318096971249,0.15734856681407866,0.4855689592027394,0.01097352111895402,0.36893929283957594,0.3319532715278657,0.17507778112837766,0.18494178509183656
MorganBit,"r=2,b=2048",Cosine,20,0.23796270132805875,0.008057560404694804,0.17895122366404728,0.15731233712291487,0.4807618618071097,0.010850760680261992,0.3657842124589609,0.3321668119038038,0.1746269612106872,0.18418286326765967
MorganBit,"r=3,b=4096",Tanimoto,20,0.23652161627578414,0.008128599551598663,0.17794777959463162,0.15710705167844957,0.4796204705015275,0.010967741283781586,0.36637207927047816,0.33250583081432583,0.17366566282638315,0.18337009670018406
MorganBit,"r=3,b=4096",Dice,20,0.23652161627578414,0.008128599551598663,0.17794777959463162,0.15710705167844957,0.4796204705015275,0.010967741283781586,0.36637207927047816,0.33250583081432583,0.17366566282638315,0.18337009670018406
MorganBit,"r=3,b=4096",Sokal,20,0.23652161627578414,0.008128599551598663,0.17794777959463162,0.15710705167844957,0.4796204705015275,0.010967741283781586,0.36637207927047816,0.33250583081432583,0.17366566282638315,0.18337009670018406
MorganBit,"r=3,b=4096",OnBit,20,0.23652161627578414,0.008128599551598663,0.17794777959463162,0.15710705167844957,0.4796204705015275,0.010967741283781586,0.36637207927047816,0.33250583081432583,0.17366566282638315,0.18337009670018406
MorganBit,"r=1,b=4096",Tanimoto,20,0.2379862484694358,0.007983220305262025,0.17928648160062888,0.1570401795807067,0.4845936723279072,0.010794171201055771,0.3686611117684651,0.3312715098208291,0.1750397567318646,0.18490824905243047
MorganBit,"r=1,b=4096",Dice,20,0.2379862484694358,0.007983220305262025,0.17928648160062888,0.1570401795807067,0.4845936723279072,0.010794171201055771,0.3686611117684651,0.3312715098208291,0.1750397567318646,0.18490824905243047
MorganBit,"r=1,b=4096",Sokal,20,0.2379862484694358,0.007983220305262025,0.17928648160062888,0.1570401795807067,0.4845936723279072,0.010794171201055771,0.3686611117684651,0.3312715098208291,0.1750397567318646,0.18490824905243047
MorganBit,"r=1,b=4096",OnBit,20,0.2379862484694358,0.007983220305262025,0.17928648160062888,0.1570401795807067,0.4845936723279072,0.010794171201055771,0.3686611117684651,0.3312715098208291,0.1750397567318646,0.18490824905243047
MorganBit,"r=1,b=2048",RogotGoldberg,20,0.23784496562117358,0.008065000826586293,0.17868274200875156,0.15694554062994864,0.4840604998264274,0.010851307283317221,0.3670258095091618,0.33124073278333566,0.17443821632202883,0.1842782863749799
MorganBit,"r=3,b=4096",RogotGoldberg,20,0.23622021286615802,0.008113242169683807,0.1776336506008074,0.15691798927717204,0.4791721143233345,0.010958080489728433,0.36557328624843266,0.33203688139633913,0.1732228908052368,0.1831997632985233
MorganBit,"r=1,b=2048",Tanimoto,20,0.23749646792879345,0.007990417002851136,0.17859074436861677,0.1568460380408202,0.4828715771094515,0.010744448104765525,0.36657967745119124,0.3308560967491393,0.174314008110715,0.18415105364986806
MorganBit,"r=1,b=2048",Dice,20,0.23749646792879345,0.007990417002851136,0.17859074436861677,0.1568460380408202,0.4828715771094515,0.010744448104765525,0.36657967745119124,0.3308560967491393,0.174314008110715,0.18415105364986806
MorganBit,"r=1,b=2048",Sokal,20,0.23749646792879345,0.007990417002851136,0.17859074436861677,0.1568460380408202,0.4828715771094515,0.010744448104765525,0.36657967745119124,0.3308560967491393,0.174314008110715,0.18415105364986806
MorganBit,"r=1,b=2048",OnBit,20,0.23749646792879345,0.007990417002851136,0.17859074436861677,0.1568460380408202,0.4828715771094515,0.010744448104765525,0.36657967745119124,0.3308560967491393,0.174314008110715,0.18415105364986806
MorganBit,"r=2,b=1024",BraunBlanquet,20,0.23430818498634268,0.007895795211656084,0.17706006917060546,0.15683276183956568,0.47613205437110634,0.010775906437733695,0.36415884071919874,0.33160091422918925,0.17264946616036264,0.18254172853347844
MorganBit,"r=2,b=1024",Cosine,20,0.23639917114062353,0.008091009335895311,0.17743457307373905,0.15651640045336662,0.478012915936327,0.010929849143934443,0.36318215468147064,0.33039302666404363,0.1729658799616371,0.18290572727492682
MorganBit,"r=3,b=2048",BraunBlanquet,20,0.23363944617123483,0.00785982219004873,0.17616584398678678,0.15633535646353813,0.4750319729854642,0.010800893407668807,0.3628609520922192,0.33165979833369696,0.17178955717698427,0.18204786419034352
MorganBit,"r=1,b=1024",RogotGoldberg,20,0.23664406141094468,0.007980185883566745,0.17770073655349505,0.15631393445619648,0.4820659347258097,0.010715664220689142,0.3655300706665746,0.3297840791029303,0.173460308292589,0.18314111592933385
MorganBit,"r=3,b=2048",Tanimoto,20,0.23498634265800136,0.008084396260294691,0.17669021857438155,0.15622871512665648,0.4767004536125481,0.010983211944032154,0.36347681377488517,0.3310793216501124,0.17237680714712178,0.18228898788780898
MorganBit,"r=3,b=2048",Dice,20,0.23498634265800136,0.008084396260294691,0.17669021857438155,0.15622871512665648,0.4767004536125481,0.010983211944032154,0.36347681377488517,0.3310793216501124,0.17237680714712178,0.18228898788780898
MorganBit,"r=3,b=2048",Sokal,20,0.23498634265800136,0.008084396260294691,0.17669021857438155,0.15622871512665648,0.4767004536125481,0.010983211944032154,0.36347681377488517,0.3310793216501124,0.17237680714712178,0.18228898788780898
MorganBit,"r=3,b=2048",OnBit,20,0.23498634265800136,0.008084396260294691,0.17669021857438155,0.15622871512665648,0.4767004536125481,0.010983211944032154,0.36347681377488517,0.3310793216501124,0.17237680714712178,0.18228898788780898
MorganBit,"r=1,b=4096",Cosine,20,0.23722803051709518,0.00796478437824053,0.1780378322364667,0.15622744291136803,0.48315408052666153,0.010793250156497304,0.36576145984778047,0.3290248658269777,0.17376287089603498,0.18356884101682844
MorganBit,"r=1,b=1024",Tanimoto,20,0.23654516341716111,0.007963655059924583,0.17758444564528544,0.1562037354002077,0.48213361303654156,0.010718477266380767,0.3657770716324521,0.33006114902696165,0.17330759282383587,0.18306640649867395
MorganBit,"r=1,b=1024",Dice,20,0.23654516341716111,0.007963655059924583,0.17758444564528544,0.1562037354002077,0.48213361303654156,0.010718477266380767,0.3657770716324521,0.33006114902696165,0.17330759282383587,0.18306640649867395
MorganBit,"r=1,b=1024",Sokal,20,0.23654516341716111,0.007963655059924583,0.17758444564528544,0.1562037354002077,0.48213361303654156,0.010718477266380767,0.3657770716324521,0.33006114902696165,0.17330759282383587,0.18306640649867395
MorganBit,"r=1,b=1024",OnBit,20,0.23654516341716111,0.007963655059924583,0.17758444564528544,0.1562037354002077,0.48213361303654156,0.010718477266380767,0.3657770716324521,0.33006114902696165,0.17330759282383587,0.18306640649867395
MorganBit,"r=1,b=2048",Cosine,20,0.23678534425920691,0.007982960505395322,0.17745808562939927,0.15603837749065946,0.4818208469811531,0.01076493206270544,0.3638650198446615,0.32894241965463933,0.17321183794869785,0.18293711394467319
MorganBit,"r=3,b=2048",RogotGoldberg,20,0.2345907506828671,0.008064409871749884,0.17626189614277002,0.155975288173648,0.4760028871481147,0.010970396252956306,0.3623527139712949,0.33038774243729463,0.17197593690458335,0.18172536499203965
MorganCount,r=2,Tanimoto,20,0.2332626919092022,0.007935379324431722,0.17529021413913154,0.15569424297365392,0.4778154634982097,0.01077214245537005,0.36248986716196974,0.33134975725778043,0.17073471399352474,0.18035447431484894
MorganCount,r=2,Dice,20,0.2332626919092022,0.007935379324431722,0.17529021413913154,0.15569424297365392,0.4778154634982097,0.01077214245537005,0.36248986716196974,0.33134975725778043,0.17073471399352474,0.18035447431484894
MorganBit,"r=1,b=1024",Cosine,20,0.23601299802204012,0.007966561146757766,0.17660651574680913,0.15532285268848525,0.48030078484197747,0.010751620217581507,0.3623718504732766,0.32799476121545035,0.1723242755501014,0.1820766070134555
MorganBit,"r=3,b=1024",Tanimoto,20,0.23319205048507113,0.00791112027878064,0.1750116123497563,0.15503113035003732,0.47384827732676305,0.01084316053131617,0.3606889327586049,0.32883560757265,0.1705888976232996,0.18020916852304672
MorganBit,"r=3,b=1024",Dice,20,0.23319205048507113,0.00791112027878064,0.1750116123497563,0.15503113035003732,0.47384827732676305,0.01084316053131617,0.3606889327586049,0.32883560757265,0.1705888976232996,0.18020916852304672
MorganBit,"r=3,b=1024",Sokal,20,0.23319205048507113,0.00791112027878064,0.1750116123497563,0.15503113035003732,0.47384827732676305,0.01084316053131617,0.3606889327586049,0.32883560757265,0.1705888976232996,0.18020916852304672
MorganBit,"r=3,b=1024",OnBit,20,0.23319205048507113,0.00791112027878064,0.1750116123497563,0.15503113035003732,0.47384827732676305,0.01084316053131617,0.3606889327586049,0.32883560757265,0.1705888976232996,0.18020916852304672
MorganCount,r=3,Tanimoto,20,0.23207591598379956,0.00786978962329564,0.1741596197744615,0.1548158518815674,0.47457876516887915,0.010743419495043925,0.35965775984828546,0.33008402097901196,0.1699046201076051,0.1790310514010853
MorganCount,r=3,Dice,20,0.23207591598379956,0.00786978962329564,0.1741596197744615,0.1548158518815674,0.47457876516887915,0.010743419495043925,0.35965775984828546,0.33008402097901196,0.1699046201076051,0.1790310514010853
MorganBit,"r=3,b=4096",Cosine,20,0.23329094847885465,0.007896623599589885,0.1743567649109537,0.15474182629689723,0.474580103000812,0.010723607772455963,0.359237044419637,0.32801082561267103,0.17002526097372436,0.17996631820290088
MorganBit,"r=3,b=1024",BraunBlanquet,20,0.23085146463219366,0.007750278404402131,0.17346290999165007,0.154687364423836,0.4713344731925996,0.010707253706327146,0.35914834634984566,0.3288699222483793,0.16907859025853011,0.179015408801604
MorganBit,"r=1,b=4096",BraunBlanquet,20,0.2340821324291231,0.007803426427179815,0.1758105496354328,0.1545720338925299,0.4788416452342571,0.010746240699248512,0.36390360227624674,0.3274411133655588,0.17135176215947612,0.18112154721583465
MorganBit,"r=3,b=1024",RogotGoldberg,20,0.2322407459734388,0.007858388710028075,0.17418825029980184,0.15448333550116852,0.47147629759647264,0.0107648243297295,0.3583808757306204,0.3271577737380202,0.1698325243566385,0.17930502079514637
MorganBit,"r=1,b=2048",BraunBlanquet,20,0.23354525760572667,0.007823818422107113,0.175289755523577,0.15441913508363625,0.47694142341471296,0.010765572390531443,0.3619229594279108,0.3274379330438783,0.17098547283132473,0.18056506247189982
MorganBit,"r=3,b=2048",Cosine,20,0.23243383253273053,0.007970536579509486,0.17373276968741735,0.15430306678735062,0.47282877360808684,0.010871112787015347,0.3575991976365257,0.32724266620311465,0.16953934730049214,0.1791655860928479
MorganBit,"r=1,b=1024",BraunBlanquet,20,0.23252331166996326,0.007816119304502768,0.1740299749975908,0.15356228268929717,0.47615655762857284,0.010700211803976303,0.3602821898463402,0.3253318657305649,0.16943250389779152,0.17940634283195264
MorganBit,"r=3,b=1024",Cosine,20,0.23127060374870492,0.00784483583293394,0.17272741517354825,0.15335111492391718,0.4710678282668677,0.010756202837543017,0.3564104720817485,0.3257664547421381,0.16846849641524267,0.1779211269612028
RDKBit,-,RogotGoldberg,20,0.23615899029857776,0.007918820362740326,0.1767091622189248,0.15279740702188555,0.4747017187433123,0.01032374814596053,0.35789621860765836,0.3205691058390815,0.17241547776407248,0.18156165996327783
MorganCount,r=1,Tanimoto,20,0.2300414429688236,0.007773321457512141,0.17200666743940687,0.15274682924869357,0.47228412019623056,0.010573787756121063,0.35752831309120886,0.32559497299443596,0.16794061610011238,0.1776082933574227
MorganCount,r=1,Dice,20,0.2300414429688236,0.007773321457512141,0.17200666743940687,0.15274682924869357,0.47228412019623056,0.010573787756121063,0.35752831309120886,0.32559497299443596,0.16794061610011238,0.1776082933574227
MorganBit,"r=1,b=4096",Kulczynski,20,0.23228313082791746,0.00779121093714529,0.17254482780467215,0.15270783153275108,0.4727578923969483,0.01061625424996051,0.35331815974157155,0.3209501485658227,0.16859715834412342,0.17810131862227174
MorganBit,"r=1,b=4096",McConnaughey,20,0.23228313082791746,0.00779121093714529,0.17254482780467215,0.15270783153275108,0.4727578923969483,0.01061625424996051,0.35331815974157155,0.3209501485658227,0.16859715834412342,0.17810131862227174
FeatMorganBit,"r=3,b=4096",BraunBlanquet,20,0.2314542714514458,0.008022072453777663,0.17323104910371806,0.15217589659943098,0.46862771857271757,0.010700538481433113,0.3543742492138705,0.3189901214121838,0.16870412327826623,0.17832787327076607
MorganBit,"r=1,b=2048",Kulczynski,20,0.23188282942450789,0.0077831987867385145,0.1721335629896813,0.15209403192493634,0.47088249445902175,0.010530614422930693,0.3512824038286363,0.31961795877918475,0.16818485338373637,0.17764220586154822
MorganBit,"r=1,b=2048",McConnaughey,20,0.23188282942450789,0.0077831987867385145,0.1721335629896813,0.15209403192493634,0.47088249445902175,0.010530614422930693,0.3512824038286363,0.31961795877918475,0.16818485338373637,0.17764220586154822
FeatMorganBit,"r=3,b=2048",BraunBlanquet,20,0.23075727606668547,0.007938612362371783,0.17287593974628843,0.1518319666153957,0.4681499867757751,0.010639872514964713,0.35429590157857865,0.31793481438625276,0.1682573778798721,0.17823034291593862
FeatMorganBit,"r=3,b=4096",Tanimoto,20,0.2327352359423566,0.008038219889509124,0.17328251669713035,0.15177650820131838,0.4724244823186782,0.010736609817474407,0.354558539132916,0.3184405501205094,0.168651735520743,0.17849450265947905
FeatMorganBit,"r=3,b=4096",Dice,20,0.2327352359423566,0.008038219889509124,0.17328251669713035,0.15177650820131838,0.4724244823186782,0.010736609817474407,0.354558539132916,0.3184405501205094,0.168651735520743,0.17849450265947905
FeatMorganBit,"r=3,b=4096",Sokal,20,0.2327352359423566,0.008038219889509124,0.17328251669713035,0.15177650820131838,0.4724244823186782,0.010736609817474407,0.354558539132916,0.3184405501205094,0.168651735520743,0.17849450265947905
FeatMorganBit,"r=3,b=4096",OnBit,20,0.2327352359423566,0.008038219889509124,0.17328251669713035,0.15177650820131838,0.4724244823186782,0.010736609817474407,0.354558539132916,0.3184405501205094,0.168651735520743,0.17849450265947905
FeatMorganBit,"r=3,b=4096",RogotGoldberg,20,0.2322219082603372,0.007981426015350814,0.17310645774774402,0.151605469762794,0.47222814416308917,0.010658026496935763,0.35489583273870606,0.3180660494428915,0.1683809419029032,0.17838755732038644
FeatMorganBit,"r=3,b=2048",Tanimoto,20,0.23226900254309127,0.007960570826147135,0.17290399732452097,0.1515136829834567,0.4718995225999393,0.010630386090676671,0.3537582257592458,0.31779030473104264,0.16811522705208698,0.17826722591261224
FeatMorganBit,"r=3,b=2048",Dice,20,0.23226900254309127,0.007960570826147135,0.17290399732452097,0.1515136829834567,0.4718995225999393,0.010630386090676671,0.3537582257592458,0.31779030473104264,0.16811522705208698,0.17826722591261224
FeatMorganBit,"r=3,b=2048",Sokal,20,0.23226900254309127,0.007960570826147135,0.17290399732452097,0.1515136829834567,0.4718995225999393,0.010630386090676671,0.3537582257592458,0.31779030473104264,0.16811522705208698,0.17826722591261224
FeatMorganBit,"r=3,b=2048",OnBit,20,0.23226900254309127,0.007960570826147135,0.17290399732452097,0.1515136829834567,0.4718995225999393,0.010630386090676671,0.3537582257592458,0.31779030473104264,0.16811522705208698,0.17826722591261224
MorganBit,"r=1,b=1024",Kulczynski,20,0.23073372892530844,0.007747819007258256,0.17106937279653875,0.15150097920344022,0.4677027914421281,0.01048227801150237,0.3486033627487377,0.3180193906075647,0.1670728026600728,0.1765330721210065
MorganBit,"r=1,b=1024",McConnaughey,20,0.23073372892530844,0.007747819007258256,0.17106937279653875,0.15150097920344022,0.4677027914421281,0.01048227801150237,0.3486033627487377,0.3180193906075647,0.1670728026600728,0.1765330721210065
FeatMorganBit,"r=3,b=2048",RogotGoldberg,20,0.2321371385513799,0.007977594945529786,0.17270569581204126,0.1512472957739305,0.471815079846806,0.010720690890583577,0.35336930376004544,0.31734640165761924,0.16795886825934603,0.1780538700740014
FeatMorganBit,"r=2,b=4096",Tanimoto,20,0.2339455590091363,0.008029110991237433,0.17418587712403824,0.15105804320781155,0.47306688643971095,0.010653186843650112,0.35483104342458266,0.31618422227212295,0.16936978615679177,0.17939508378980426
FeatMorganBit,"r=2,b=4096",Dice,20,0.2339455590091363,0.008029110991237433,0.17418587712403824,0.15105804320781155,0.47306688643971095,0.010653186843650112,0.35483104342458266,0.31618422227212295,0.16936978615679177,0.17939508378980426
FeatMorganBit,"r=2,b=4096",Sokal,20,0.2339455590091363,0.008029110991237433,0.17418587712403824,0.15105804320781155,0.47306688643971095,0.010653186843650112,0.35483104342458266,0.31618422227212295,0.16936978615679177,0.17939508378980426
FeatMorganBit,"r=2,b=4096",OnBit,20,0.2339455590091363,0.008029110991237433,0.17418587712403824,0.15105804320781155,0.47306688643971095,0.010653186843650112,0.35483104342458266,0.31618422227212295,0.16936978615679177,0.17939508378980426
FeatMorganBit,"r=2,b=4096",RogotGoldberg,20,0.23374776302156922,0.008033265013128501,0.17398652048531557,0.1509554733306587,0.4729034627126103,0.010654436401603148,0.354885725814415,0.31620625814799597,0.16907982556535175,0.17940399985766584
FeatMorganBit,"r=3,b=1024",Tanimoto,20,0.23042761608740697,0.007759783319731121,0.17144678255816773,0.15074166131939973,0.46747859694779703,0.010373022509152145,0.3501921759111508,0.31611221203558904,0.166638151271026,0.17647839953423206
FeatMorganBit,"r=3,b=1024",Dice,20,0.23042761608740697,0.007759783319731121,0.17144678255816773,0.15074166131939973,0.46747859694779703,0.010373022509152145,0.3501921759111508,0.31611221203558904,0.166638151271026,0.17647839953423206
FeatMorganBit,"r=3,b=1024",Sokal,20,0.23042761608740697,0.007759783319731121,0.17144678255816773,0.15074166131939973,0.46747859694779703,0.010373022509152145,0.3501921759111508,0.31611221203558904,0.166638151271026,0.17647839953423206
FeatMorganBit,"r=3,b=1024",OnBit,20,0.23042761608740697,0.007759783319731121,0.17144678255816773,0.15074166131939973,0.46747859694779703,0.010373022509152145,0.3501921759111508,0.31611221203558904,0.166638151271026,0.17647839953423206
FeatMorganBit,"r=2,b=2048",Tanimoto,20,0.23318734105679575,0.007912567878248794,0.17352510350541578,0.15074013293759478,0.47259189954860237,0.010613655381383685,0.35415980926852514,0.3158323737535563,0.16875254608381035,0.17871587814162063
FeatMorganBit,"r=2,b=2048",Dice,20,0.23318734105679575,0.007912567878248794,0.17352510350541578,0.15074013293759478,0.47259189954860237,0.010613655381383685,0.35415980926852514,0.3158323737535563,0.16875254608381035,0.17871587814162063
FeatMorganBit,"r=2,b=2048",Sokal,20,0.23318734105679575,0.007912567878248794,0.17352510350541578,0.15074013293759478,0.47259189954860237,0.010613655381383685,0.35415980926852514,0.3158323737535563,0.16875254608381035,0.17871587814162063
FeatMorganBit,"r=2,b=2048",OnBit,20,0.23318734105679575,0.007912567878248794,0.17352510350541578,0.15074013293759478,0.47259189954860237,0.010613655381383685,0.35415980926852514,0.3158323737535563,0.16875254608381035,0.17871587814162063
FeatMorganBit,"r=3,b=1024",BraunBlanquet,20,0.2285391353489686,0.007844177976785431,0.1709553318245507,0.15060165655140548,0.46485068171415045,0.010515046745155687,0.3510164475709545,0.3166335846086275,0.16629198127596553,0.1759116278720713
FeatMorganBit,"r=2,b=2048",RogotGoldberg,20,0.23288593764716964,0.007917056700342321,0.17316835961583651,0.1505836522663741,0.47176674779709643,0.010599856497712282,0.3531083099560094,0.31541127166796445,0.1684956469072121,0.17851200757491126
MorganBit,"r=2,b=4096",Kulczynski,20,0.22734294056701515,0.00769360983866238,0.166668421779364,0.15035600582035338,0.4594132582197369,0.010395353689511385,0.33972949872263186,0.3169998889324022,0.16269054923160867,0.1717118165674768
MorganBit,"r=2,b=4096",McConnaughey,20,0.22734294056701515,0.00769360983866238,0.166668421779364,0.15035600582035338,0.4594132582197369,0.010395353689511385,0.33972949872263186,0.3169998889324022,0.16269054923160867,0.1717118165674768
FeatMorganCount,r=3,Tanimoto,20,0.22826127908071958,0.007825553233218561,0.1699035880807979,0.15035361129004404,0.46735579617429374,0.010524963505800181,0.35215401879236374,0.3181773810038251,0.16516112793173576,0.1749513894207769
FeatMorganCount,r=3,Dice,20,0.22826127908071958,0.007825553233218561,0.1699035880807979,0.15035361129004404,0.46735579617429374,0.010524963505800181,0.35215401879236374,0.3181773810038251,0.16516112793173576,0.1749513894207769
FeatMorganBit,"r=3,b=1024",RogotGoldberg,20,0.2299802204012433,0.0077085329854154954,0.17110402963365537,0.15027961301715348,0.46678209986280106,0.010359702027581472,0.3495331925528207,0.3153262157241473,0.16623540641903928,0.17606656766644638
FeatMorganBit,"r=2,b=4096",BraunBlanquet,20,0.23162381086936043,0.008013025064233804,0.17230439239183412,0.15023058657944233,0.4720975685212298,0.010732868560385337,0.35434096992152975,0.3158880780076335,0.1679619394231867,0.1771522006834993
FeatMorganBit,"r=2,b=1024",Tanimoto,20,0.2323443533954978,0.007887699306063924,0.17275066661656596,0.150218407488931,0.4710679907065902,0.01053646135703494,0.3527228755155875,0.31496435155069397,0.16806162182441323,0.17793954895912867
FeatMorganBit,"r=2,b=1024",Dice,20,0.2323443533954978,0.007887699306063924,0.17275066661656596,0.150218407488931,0.4710679907065902,0.01053646135703494,0.3527228755155875,0.31496435155069397,0.16806162182441323,0.17793954895912867
FeatMorganBit,"r=2,b=1024",Sokal,20,0.2323443533954978,0.007887699306063924,0.17275066661656596,0.150218407488931,0.4710679907065902,0.01053646135703494,0.3527228755155875,0.31496435155069397,0.16806162182441323,0.17793954895912867
FeatMorganBit,"r=2,b=1024",OnBit,20,0.2323443533954978,0.007887699306063924,0.17275066661656596,0.150218407488931,0.4710679907065902,0.01053646135703494,0.3527228755155875,0.31496435155069397,0.16806162182441323,0.17793954895912867
FeatMorganBit,"r=2,b=1024",RogotGoldberg,20,0.23200056513139306,0.00787734172012025,0.17240366109241262,0.15008978712090174,0.47075446346048677,0.010509702246301444,0.3519951768705153,0.31441867944249724,0.16774046237916923,0.17756879855226254
FeatMorganBit,"r=2,b=4096",Cosine,20,0.23282942450786473,0.00799632577052615,0.17280921976776298,0.1499617902526903,0.47208806341013687,0.010626601637177933,0.3525707900868079,0.3141943008153488,0.1678814486566205,0.1779413812584231
FeatMorganBit,"r=2,b=2048",BraunBlanquet,20,0.2307949514928888,0.007872392309399767,0.17181893926424283,0.1496988073599827,0.47104501628737744,0.010697362727796499,0.3536517206559158,0.31526664696705164,0.16729799722626548,0.1766976535807341
FeatMorganBit,"r=3,b=4096",Cosine,20,0.23025336724121695,0.007925983515668877,0.17027771277147105,0.14965665265259476,0.46933700575224746,0.010625397351951784,0.34938091964733914,0.31460612637863355,0.1658673685908571,0.17532028923580437
FeatMorganBit,"r=2,b=2048",Cosine,20,0.23207591598379956,0.007895674475245532,0.17192844164378618,0.1494965590814171,0.47072257370954435,0.010600783016231706,0.35072153222736147,0.31310101345374947,0.1669434431126901,0.17707184036024265
FeatMorganBit,"r=3,b=2048",Cosine,20,0.22974945841574831,0.007858145555871991,0.1698834586650015,0.1494807202045678,0.46733226059165367,0.010534003214638956,0.3479762860304167,0.31366350589691633,0.1654833966410285,0.17510080269897926
FeatMorganBit,"r=2,b=1024",Cosine,20,0.23171799943486857,0.007853532402623755,0.17165388231209566,0.14938274266476634,0.4708725511679223,0.010538312757952476,0.3506691412762841,0.313026922533272,0.16695806852759273,0.17676379526040453
FeatMorganBit,"r=3,b=1024",Cosine,20,0.22909013845719128,0.007718870248258694,0.1693713796778078,0.14915360980440057,0.46570059046178824,0.010338918872049796,0.3462876227438531,0.3131064341111812,0.16510036100753064,0.17445444198322396
FeatMorganBit,"r=2,b=1024",BraunBlanquet,20,0.2296599792785156,0.007726135380941896,0.17069480946055068,0.14901555647653889,0.46814669542628257,0.010446657080275163,0.3511107718796527,0.31399024221747884,0.16648258801450813,0.17562694058492292
FeatMorganCount,r=2,Tanimoto,20,0.22535085240651787,0.007612861874582633,0.16716841619920456,0.14778497148528197,0.46372976604123295,0.010423190939812775,0.3482961142512747,0.31371064532035975,0.1626141071887443,0.1722178258658607
FeatMorganCount,r=2,Dice,20,0.22535085240651787,0.007612861874582633,0.16716841619920456,0.14778497148528197,0.46372976604123295,0.010423190939812775,0.3482961142512747,0.31371064532035975,0.1626141071887443,0.1722178258658607
MorganBit,"r=2,b=2048",Kulczynski,20,0.22236036545163418,0.0074556467270474385,0.16178532583994948,0.14744043895531003,0.4484630108804559,0.010063465716052076,0.32972701938321425,0.3106316536880258,0.15781015688020433,0.166855668616495
MorganBit,"r=2,b=2048",McConnaughey,20,0.22236036545163418,0.0074556467270474385,0.16178532583994948,0.14744043895531003,0.4484630108804559,0.010063465716052076,0.32972701938321425,0.3106316536880258,0.15781015688020433,0.166855668616495
RDKBit,-,Tanimoto,20,0.2244089667514364,0.007269675350914041,0.16713017810685157,0.14543728441151085,0.4614160284006104,0.00984866078665938,0.3441190939989552,0.308342927829586,0.16297812192741604,0.17201278657545513
RDKBit,-,Sokal,20,0.2244089667514364,0.007269675350914041,0.16713017810685157,0.14543728441151085,0.4614160284006104,0.00984866078665938,0.3441190939989552,0.308342927829586,0.16297812192741604,0.17201278657545513
RDKBit,-,Dice,20,0.2220401243289065,0.007029074020311415,0.16587894987846227,0.14458320408112782,0.45461163198083115,0.009328498576297379,0.3404245302498097,0.30584971075827366,0.16169315771735307,0.17080650361282232
RDKBit,-,OnBit,20,0.2220401243289065,0.007029074020311415,0.16587894987846227,0.14458320408112782,0.45461163198083115,0.009328498576297379,0.3404245302498097,0.30584971075827366,0.16169315771735307,0.17080650361282232
TopTorsionCount,hashed,Tanimoto,20,0.2176462277479514,0.007226023760655854,0.16322436643941404,0.14446005710904508,0.43765882041239923,0.009351230576172142,0.3308990103392101,0.3035444692924793,0.15900213321239248,0.16879061187129946
TopTorsionCount,hashed,Dice,20,0.2176462277479514,0.007226023760655854,0.16322436643941404,0.14446005710904508,0.43765882041239923,0.009351230576172142,0.3308990103392101,0.3035444692924793,0.15900213321239248,0.16879061187129946
MorganBit,"r=2,b=1024",Kulczynski,20,0.2147734764999529,0.007252193959434025,0.15570916021262807,0.14429087411878333,0.43342553503558573,0.009754518938731868,0.3175697032207015,0.304218701602183,0.15166737721499565,0.16050758182949515
MorganBit,"r=2,b=1024",McConnaughey,20,0.2147734764999529,0.007252193959434025,0.15570916021262807,0.14429087411878333,0.43342553503558573,0.009754518938731868,0.3175697032207015,0.304218701602183,0.15166737721499565,0.16050758182949515
AtomPairCount,hashed,Tanimoto,20,0.21567768672883111,0.006795210853107864,0.16099230399032774,0.14323662759837086,0.44432208275343665,0.009107173368688314,0.33513495412159416,0.3062835461482982,0.15723623711881626,0.16589962253358925
AtomPairCount,hashed,Dice,20,0.21567768672883111,0.006795210853107864,0.16099230399032774,0.14323662759837086,0.44432208275343665,0.009107173368688314,0.33513495412159416,0.3062835461482982,0.15723623711881626,0.16589962253358925
MACCS,-,RogotGoldberg,20,0.2264057643402091,0.00753275986553536,0.1632419055684025,0.14268175036266492,0.46604662654291723,0.01029519163920908,0.3391289496354482,0.30173969428187575,0.15906013450088724,0.16807346568790052
FeatMorganBit,"r=2,b=1024",Kulczynski,20,0.22001977959875668,0.007119771752826747,0.1630564278246106,0.1424650823226968,0.4515921724700212,0.009747534503451678,0.3342147391557335,0.29955277368630173,0.1587058507547215,0.16807942388270422
FeatMorganBit,"r=2,b=1024",McConnaughey,20,0.22001977959875668,0.007119771752826747,0.1630564278246106,0.1424650823226968,0.4515921724700212,0.009747534503451678,0.3342147391557335,0.29955277368630173,0.1587058507547215,0.16807942388270422
MACCS,-,Cosine,20,0.22509183385137047,0.007446945893322535,0.16237175771183532,0.1423084119318544,0.46429435175513084,0.010158217063813665,0.33771266961142055,0.30174573708927943,0.15819187741365748,0.16709205529040755
MACCS,-,McConnaughey,20,0.2249552604313836,0.007397735185837922,0.1624697874908048,0.14219459989968808,0.4632258272508189,0.010140453171256683,0.3375499928021655,0.3009178543594316,0.1583540679265276,0.16721021349267842
MACCS,-,Kulczynski,20,0.22482810586794763,0.007380871388183214,0.16239819409479206,0.1421365440210058,0.46293896592836115,0.010105546235033309,0.33729422911688417,0.3008159855259705,0.15827014622075278,0.16731565165373297
RDKBit,-,BraunBlanquet,20,0.221098238673825,0.007080009453487123,0.16297725090977433,0.14207217519486634,0.4505210016496301,0.009459709476268601,0.33560241960366444,0.29948997849742276,0.15910858902715536,0.16777397012117812
MACCS,-,Tanimoto,20,0.2250070641424131,0.007517241970791307,0.16207850957323314,0.14180849535167686,0.4631424234251385,0.01020304698363268,0.33675448741408454,0.30032951009021674,0.15774619042621318,0.16675199155680406
MACCS,-,Dice,20,0.2250070641424131,0.007517241970791307,0.16207850957323314,0.14180849535167686,0.4631424234251385,0.01020304698363268,0.33675448741408454,0.30032951009021674,0.15774619042621318,0.16675199155680406
MACCS,-,Sokal,20,0.2250070641424131,0.007517241970791307,0.16207850957323314,0.14180849535167686,0.4631424234251385,0.01020304698363268,0.33675448741408454,0.30032951009021674,0.15774619042621318,0.16675199155680406
MACCS,-,OnBit,20,0.2250070641424131,0.007517241970791307,0.16207850957323314,0.14180849535167686,0.4631424234251385,0.01020304698363268,0.33675448741408454,0.30032951009021674,0.15774619042621318,0.16675199155680406
RDKBit,-,Cosine,20,0.21642648582462087,0.006824010762714153,0.16170155226125377,0.14167964683092316,0.4477603195148555,0.00920712256111292,0.33378728342060837,0.3010707009459231,0.1576122151652809,0.16649554240849257
FeatMorganBit,"r=2,b=2048",Kulczynski,20,0.2168126589432043,0.006971779237995734,0.16126782157281502,0.14155529003907988,0.44445310031841884,0.009592673364285731,0.33026917969667596,0.29805777531229344,0.1571291883382391,0.16639276138788436
FeatMorganBit,"r=2,b=2048",McConnaughey,20,0.2168126589432043,0.006971779237995734,0.16126782157281502,0.14155529003907988,0.44445310031841884,0.009592673364285731,0.33026917969667596,0.29805777531229344,0.1571291883382391,0.16639276138788436
FeatMorganBit,"r=2,b=4096",Kulczynski,20,0.21658189695770932,0.007055674822632552,0.1612119252534637,0.14153971143984834,0.4436926582532628,0.00958646791258928,0.32993574108837814,0.2975126214378241,0.15699231566986854,0.16610892701124996
FeatMorganBit,"r=2,b=4096",McConnaughey,20,0.21658189695770932,0.007055674822632552,0.1612119252534637,0.14153971143984834,0.4436926582532628,0.00958646791258928,0.32993574108837814,0.2975126214378241,0.15699231566986854,0.16610892701124996
MorganBit,"r=3,b=4096",Kulczynski,20,0.21377507770556656,0.006950239391548478,0.15075178708846748,0.14051344358695814,0.43619786424021384,0.00951652933589994,0.31157582046849747,0.29882226815702095,0.14712102186347145,0.15539160978731248
MorganBit,"r=3,b=4096",McConnaughey,20,0.21377507770556656,0.006950239391548478,0.15075178708846748,0.14051344358695814,0.43619786424021384,0.00951652933589994,0.31157582046849747,0.29882226815702095,0.14712102186347145,0.15539160978731248
MorganBit,"r=2,b=4096",Russel,20,0.21347367429594047,0.007078898807836401,0.1572920484165787,0.13759495897368515,0.43478620552175473,0.009588636674990544,0.32298290417664616,0.2923823107160662,0.15299756743061824,0.16309408263760877
MorganBit,"r=3,b=4096",Russel,20,0.20954130168597532,0.0070140886944949415,0.15406189080822555,0.13593022425600557,0.4258061316003842,0.009535835543393571,0.3158811017019098,0.2883622912338692,0.1499991177799495,0.1592742142086898
MorganBit,"r=2,b=2048",Russel,20,0.21058208533484035,0.006980766697934794,0.1548981091977157,0.1354285733103693,0.4285847857676819,0.009511997299043444,0.3182151482890001,0.2881350499215972,0.15067838088787144,0.1601814507274907
MorganBit,"r=3,b=2048",Kulczynski,20,0.20545822737119712,0.006908555850713959,0.141730723015422,0.13522726516018285,0.41946725604621726,0.009440565976669278,0.29381849276514943,0.2879132097613004,0.13823712426303345,0.1461959627113769
MorganBit,"r=3,b=2048",McConnaughey,20,0.20545822737119712,0.006908555850713959,0.141730723015422,0.13522726516018285,0.41946725604621726,0.009440565976669278,0.29381849276514943,0.2879132097613004,0.13823712426303345,0.1461959627113769
FeatMorganCount,r=1,Tanimoto,20,0.21146745785061694,0.0068776521246706945,0.1520367179816021,0.1344898986586252,0.43802401411313385,0.009665386531587009,0.3192726112436891,0.28798568806084646,0.14823427723114582,0.15642904146335454
FeatMorganCount,r=1,Dice,20,0.21146745785061694,0.0068776521246706945,0.1520367179816021,0.1344898986586252,0.43802401411313385,0.009665386531587009,0.3192726112436891,0.28798568806084646,0.14823427723114582,0.15642904146335454
RDKBit,-,Kulczynski,20,0.19910049919939718,0.006212778636322022,0.1485955582015446,0.13349544932478,0.4196700074110225,0.008595914562747761,0.31072208314962746,0.2866492831919585,0.1447475934024562,0.15379690474725183
RDKBit,-,McConnaughey,20,0.19910520862767256,0.00621339373191104,0.1485332679357152,0.13344219374152413,0.42013357734330115,0.00860251071458032,0.3108289320613686,0.2866462573891225,0.144693786563693,0.1536746054334987
FeatMorganBit,"r=1,b=2048",Tanimoto,20,0.21571536215503437,0.0070031840391720605,0.15368338960711908,0.1322753307921249,0.44100925404564606,0.009502114701472374,0.31764132681723656,0.2785506814762938,0.14928761925715425,0.1583388224711733
FeatMorganBit,"r=1,b=2048",Dice,20,0.21571536215503437,0.0070031840391720605,0.15368338960711908,0.1322753307921249,0.44100925404564606,0.009502114701472374,0.31764132681723656,0.2785506814762938,0.14928761925715425,0.1583388224711733
FeatMorganBit,"r=1,b=2048",Sokal,20,0.21571536215503437,0.0070031840391720605,0.15368338960711908,0.1322753307921249,0.44100925404564606,0.009502114701472374,0.31764132681723656,0.2785506814762938,0.14928761925715425,0.1583388224711733
FeatMorganBit,"r=1,b=2048",OnBit,20,0.21571536215503437,0.0070031840391720605,0.15368338960711908,0.1322753307921249,0.44100925404564606,0.009502114701472374,0.31764132681723656,0.2785506814762938,0.14928761925715425,0.1583388224711733
FeatMorganBit,"r=1,b=2048",RogotGoldberg,20,0.21531506075162476,0.006990637661003594,0.15357011209157487,0.1322703049500941,0.4401351023437257,0.0094958189740738,0.317156788155088,0.27806923068039746,0.14903323293454007,0.15815443676142413
FeatMorganBit,"r=1,b=4096",Tanimoto,20,0.21577658472261468,0.006957750398216142,0.15364360406074176,0.13208478080280808,0.44105577691551356,0.009443904405319744,0.31704043700930157,0.2781110832605309,0.14895130994473643,0.15827994157078887
FeatMorganBit,"r=1,b=4096",Dice,20,0.21577658472261468,0.006957750398216142,0.15364360406074176,0.13208478080280808,0.44105577691551356,0.009443904405319744,0.31704043700930157,0.2781110832605309,0.14895130994473643,0.15827994157078887
FeatMorganBit,"r=1,b=4096",Sokal,20,0.21577658472261468,0.006957750398216142,0.15364360406074176,0.13208478080280808,0.44105577691551356,0.009443904405319744,0.31704043700930157,0.2781110832605309,0.14895130994473643,0.15827994157078887
FeatMorganBit,"r=1,b=4096",OnBit,20,0.21577658472261468,0.006957750398216142,0.15364360406074176,0.13208478080280808,0.44105577691551356,0.009443904405319744,0.31704043700930157,0.2781110832605309,0.14895130994473643,0.15827994157078887
FeatMorganBit,"r=1,b=2048",Cosine,20,0.21526325704059526,0.007024121155379101,0.15328448525940877,0.13202201113285536,0.4395514583437751,0.009544689392725432,0.3160517951082074,0.27819461239844845,0.14900921599493136,0.15781333261816854
FeatMorganBit,"r=1,b=4096",RogotGoldberg,20,0.2156258830178016,0.007031858704760896,0.15358826037993722,0.13201530698390362,0.4401758626403056,0.009592388702866297,0.3164422873577455,0.27763952511430934,0.14895634953780756,0.1583430563854988
MACCS,-,BraunBlanquet,20,0.21459922765376285,0.0072945543119776685,0.1511046006544674,0.1319245808884922,0.44369115799196296,0.010179271138188568,0.3157023074692986,0.28079740399047215,0.14725088899455238,0.15567313441495753
FeatMorganBit,"r=1,b=1024",Cosine,20,0.21494301591786757,0.006922463015928901,0.15297256081219404,0.13174026483736612,0.43951551251527804,0.009455686865317019,0.3156410449618927,0.27755573032154657,0.14870963608213816,0.15757083426391963
FeatMorganBit,"r=1,b=4096",Cosine,20,0.21576245643778846,0.006996965586870833,0.15344429652921485,0.1317171035994049,0.44056748940470214,0.00950421296276213,0.3162034647813823,0.2776744561963919,0.14888897199156825,0.1580556025300651
FeatMorganBit,"r=1,b=1024",Tanimoto,20,0.21459451822548747,0.006884828910144829,0.15286723456438628,0.1317144409029149,0.43953715288334083,0.009445844526322855,0.3160362239480572,0.27747098481100785,0.1483931921811195,0.15760994231888492
FeatMorganBit,"r=1,b=1024",Dice,20,0.21459451822548747,0.006884828910144829,0.15286723456438628,0.1317144409029149,0.43953715288334083,0.009445844526322855,0.3160362239480572,0.27747098481100785,0.1483931921811195,0.15760994231888492
FeatMorganBit,"r=1,b=1024",Sokal,20,0.21459451822548747,0.006884828910144829,0.15286723456438628,0.1317144409029149,0.43953715288334083,0.009445844526322855,0.3160362239480572,0.27747098481100785,0.1483931921811195,0.15760994231888492
FeatMorganBit,"r=1,b=1024",OnBit,20,0.21459451822548747,0.006884828910144829,0.15286723456438628,0.1317144409029149,0.43953715288334083,0.009445844526322855,0.3160362239480572,0.27747098481100785,0.1483931921811195,0.15760994231888492
FeatMorganBit,"r=1,b=1024",RogotGoldberg,20,0.21464161250824149,0.006885658233162597,0.15299402882365443,0.13165761596623748,0.43909040436972857,0.009419725118319495,0.31581963118357237,0.2770174955666587,0.14854516789356523,0.15770317190629868
FeatMorganBit,"r=1,b=2048",Kulczynski,20,0.21449562023170388,0.0069881213929102095,0.1524764793132202,0.131148969295783,0.4374641234453527,0.009502987120884572,0.31336649860402366,0.27486219627611147,0.1482185723960799,0.15706846659457155
FeatMorganBit,"r=1,b=2048",McConnaughey,20,0.21449562023170388,0.0069881213929102095,0.1524764793132202,0.131148969295783,0.4374641234453527,0.009502987120884572,0.31336649860402366,0.27486219627611147,0.1482185723960799,0.15706846659457155
FeatMorganBit,"r=3,b=4096",Russel,20,0.20404539888857492,0.006724684474951447,0.14877694313405077,0.13095327935394901,0.41670604715415677,0.00898675306206183,0.3066921556307991,0.2753488866179686,0.14483246274186182,0.15376487203676906
FeatMorganBit,"r=1,b=4096",Kulczynski,20,0.21454271451445792,0.0069491218232866905,0.1523876880626234,0.13072024859510983,0.4372400160842055,0.009450438617741912,0.31308609707148893,0.274536619494498,0.1480533921333453,0.15701800454985693
FeatMorganBit,"r=1,b=4096",McConnaughey,20,0.21454271451445792,0.0069491218232866905,0.1523876880626234,0.13072024859510983,0.4372400160842055,0.009450438617741912,0.31308609707148893,0.274536619494498,0.1480533921333453,0.15701800454985693
MorganBit,"r=3,b=2048",Russel,20,0.20170010360742205,0.006756245016175877,0.14747292575302798,0.13029346390544608,0.4141055037993663,0.009359303411611487,0.3056148742582258,0.27778611888555993,0.14345041017831875,0.15255760718684216
FeatMorganBit,"r=1,b=1024",Kulczynski,20,0.21388810398417632,0.00690729529311761,0.15157609636814623,0.13027051299632902,0.4374180228669299,0.009454464726956236,0.3127792110826927,0.2737015405354081,0.14742154506811259,0.15617799482156422
FeatMorganBit,"r=1,b=1024",McConnaughey,20,0.21388810398417632,0.00690729529311761,0.15157609636814623,0.13027051299632902,0.4374180228669299,0.009454464726956236,0.3127792110826927,0.2737015405354081,0.14742154506811259,0.15617799482156422
MorganBit,"r=3,b=1024",Kulczynski,20,0.19284166902138078,0.006512427119965857,0.13186392947427536,0.13012015283069103,0.3932707758329608,0.008935699542586599,0.2734144726604107,0.2773578121093259,0.12840733857125758,0.13637357178382256
MorganBit,"r=3,b=1024",McConnaughey,20,0.19284166902138078,0.006512427119965857,0.13186392947427536,0.13012015283069103,0.3932707758329608,0.008935699542586599,0.2734144726604107,0.2773578121093259,0.12840733857125758,0.13637357178382256
MorganBit,"r=2,b=1024",Russel,20,0.2027597249693887,0.0066429898141885865,0.1477388241902403,0.12911319634985574,0.41687638419954265,0.009061395746528138,0.30719355280172334,0.2756623548352266,0.14365356629263232,0.15301886925379005
FeatMorganBit,"r=1,b=2048",BraunBlanquet,20,0.20992747480455876,0.0068361925246750175,0.14853129990747713,0.12868282434050327,0.4302657392879678,0.009400676101482099,0.306683372206558,0.2711340383245876,0.14430386156371605,0.15323789430283646
FeatMorganBit,"r=3,b=2048",Russel,20,0.2001789582744655,0.006551192183139797,0.14530499012452971,0.12835137132085367,0.4103130151582923,0.008817984500658566,0.300654509516648,0.27026861410047787,0.14132987220919407,0.1504098968042181
FeatMorganBit,"r=1,b=4096",BraunBlanquet,20,0.20997456908731277,0.006779492476619375,0.14851504651950442,0.12823257393889992,0.4304460264688062,0.00932953983091242,0.30758517907455196,0.271397684984773,0.1439999075967477,0.15331456955707554
MorganBit,"r=1,b=4096",Russel,20,0.2044645380050862,0.006613605868397718,0.14704743475433643,0.12771037809654703,0.42302861596273217,0.009260627916022045,0.3071193576744316,0.2741637821629032,0.14294344283147647,0.1522328775189573
FeatMorganBit,"r=1,b=1024",BraunBlanquet,20,0.20825562776678913,0.006624005332675344,0.14718851261201413,0.127527489587613,0.42669879053364757,0.009101853354166047,0.3047446132535524,0.26903724391701533,0.14300410001162886,0.15210953902007274
MorganBit,"r=1,b=2048",Russel,20,0.20376283319205046,0.006556722483853326,0.14613266817033108,0.12703248200470366,0.419814159794205,0.009034413762415415,0.3042079601079038,0.27167725647537144,0.1419648183207512,0.15148717546215426
FeatMorganBit,"r=2,b=4096",Russel,20,0.20207214844117924,0.006723949846187751,0.14507298312186026,0.12662820265184913,0.4143510813189115,0.009168668745420381,0.3000480631202285,0.2674492459980193,0.1410856210362486,0.15031271631443482
FeatMorganBit,"r=3,b=1024",Kulczynski,20,0.18188282942450787,0.005825159598259843,0.13662878138210569,0.12522542637409448,0.388508002239614,0.008388658081516873,0.2891930470831498,0.26840088209968377,0.13305543457221836,0.140991347780644
FeatMorganBit,"r=3,b=1024",McConnaughey,20,0.18188282942450787,0.005825159598259843,0.13662878138210569,0.12522542637409448,0.388508002239614,0.008388658081516873,0.2891930470831498,0.26840088209968377,0.13305543457221836,0.140991347780644
MorganBit,"r=1,b=1024",Russel,20,0.20145521333710087,0.006387873091556477,0.14427912374080984,0.12511682970552923,0.41671810674791954,0.008911334057301604,0.30132639499205965,0.26767991250662587,0.1403293887499119,0.14960068204364302
FeatMorganBit,"r=2,b=2048",Russel,20,0.19924178204765944,0.006627356770996032,0.14269382995625907,0.12503216647182755,0.41016589509767665,0.00908989437096782,0.29619780514912186,0.26403345705437126,0.13888338947027754,0.1478782300880568
FeatMorganBit,"r=3,b=2048",Kulczynski,20,0.17183290948478855,0.0055384713578886,0.13067315130292342,0.12251178287522954,0.3666981221944624,0.007961955864466222,0.27679747237549834,0.2623879141661936,0.12732817876376043,0.13489767667926592
FeatMorganBit,"r=3,b=2048",McConnaughey,20,0.17183290948478855,0.0055384713578886,0.13067315130292342,0.12251178287522954,0.3666981221944624,0.007961955864466222,0.27679747237549834,0.2623879141661936,0.12732817876376043,0.13489767667926592
FeatMorganBit,"r=2,b=1024",Russel,20,0.19469247433361592,0.0064787663653948875,0.1386290072927464,0.12168617659834755,0.40004822126412365,0.008857076640569785,0.2875330194050152,0.2565516180332293,0.13500257282775002,0.14373467318319552
FeatMorganBit,"r=3,b=4096",Kulczynski,20,0.16984082132429126,0.005500170749322414,0.1289763771921875,0.12135341268641195,0.36132083903817397,0.007890410672028121,0.27272070848492364,0.26016671462238117,0.12563363028441663,0.1332828658371557
FeatMorganBit,"r=3,b=4096",McConnaughey,20,0.16984082132429126,0.005500170749322414,0.1289763771921875,0.12135341268641195,0.36132083903817397,0.007890410672028121,0.27272070848492364,0.26016671462238117,0.12563363028441663,0.1332828658371557
FeatMorganBit,"r=3,b=1024",Russel,20,0.18946029951963833,0.005971774356694873,0.13558042121789815,0.12101017444367045,0.3917315537945491,0.00817573561290814,0.2828288817857592,0.2565185197899495,0.1316655058894315,0.1402801740849779
MorganBit,"r=3,b=1024",Russel,20,0.1841951587077329,0.005812497051112729,0.13097349479137896,0.11750473268523212,0.38560321088055477,0.008130337847569403,0.2765354233046474,0.25381485959494715,0.1272100355800698,0.13591628111889303
Descriptors,p=12,Mahalanobis,20,0.18431289441461807,0.005936828284559965,0.12338944919975092,0.10488323492333423,0.39774397137027223,0.008910554028241896,0.27394459821181966,0.23077578322441167,0.11988775034194181,0.12760118327828432
MorganBit,"r=2,b=4096",Asymmetric,20,0.1776820194028445,0.005558313171783754,0.10472978636819393,0.09557066096985146,0.36504267404261637,0.007599340805661025,0.21946756248870183,0.20272446184616594,0.10176497288365022,0.10799528986762942
FeatMorganBit,"r=1,b=4096",Russel,20,0.16999152302910428,0.005034840246115145,0.1103587061243248,0.09214129842889307,0.3584349160159897,0.00733477212324127,0.23353731750128096,0.195651056955495,0.10710913976347915,0.11488060570467017
Descriptors,p=12,Manhattan,20,0.16773570688518413,0.005267964968471141,0.1063588770099551,0.09167328736861567,0.36507285180287247,0.007923146568758381,0.24080429161130384,0.20451418215413347,0.10305785150168133,0.10993711509834672
Descriptors,p=12,Euclidean,20,0.16831496656305925,0.005186000982299516,0.1064439146909851,0.09166144543097174,0.36602981851668515,0.0077839529296209594,0.24004349904409197,0.20437213573943028,0.10316955533790163,0.1099238832882491
FeatMorganBit,"r=1,b=2048",Russel,20,0.16906847508712441,0.005032887700056465,0.10931218973293903,0.09149325741394766,0.3556808524299103,0.007277277654778508,0.2318946769815412,0.1935413981376781,0.1063834972577823,0.1136272559016177
FeatMorganBit,"r=1,b=1024",Russel,20,0.16829612884995762,0.005028243310709379,0.10893312257368962,0.09115446767351822,0.35486856203610934,0.007263213351978325,0.2304470780484562,0.19296317884996336,0.10599468807376772,0.11343807324446335
MorganBit,"r=1,b=4096",Asymmetric,20,0.17510596213619667,0.005458524523906094,0.10309186651694147,0.09103457463935673,0.36045286137690347,0.007591371856998269,0.21713697582475036,0.19373404467171093,0.09976324142115416,0.10612526427509547
Descriptors,p=12,Cosine,20,0.166647828953565,0.005171131430502118,0.10528949657900512,0.08949398675164827,0.36389498006834203,0.007726183032987067,0.23858519263235076,0.20164383100399358,0.10197212758200178,0.1089583652956005
Descriptors,p=12,Correlation,20,0.1632193651690685,0.0050623660579067154,0.1024666877059077,0.08683146510130664,0.35639108326517377,0.00760991948095125,0.23236704049886278,0.19552199019118158,0.09960818146991525,0.10594512692005946
MorganBit,"r=1,b=2048",Asymmetric,20,0.1723792031647358,0.005340646983344501,0.0978028289653122,0.08517810540615488,0.3550648986993098,0.0074558529932916735,0.20757304673482554,0.18196043389409852,0.09476200873813721,0.10084055768592531
MorganBit,"r=2,b=2048",Asymmetric,20,0.17136667608552322,0.0053150183495474955,0.09325539898427374,0.08476775595568896,0.35287777462578485,0.007275479831772551,0.19702813790596974,0.18103657980354912,0.09061551903461432,0.09624801154240138
MorganBit,"r=3,b=4096",Asymmetric,20,0.15910332485636244,0.00485697272050619,0.08710501607780853,0.08218305466377442,0.3317366131050972,0.006848937007555326,0.18579496541871465,0.17600177499660072,0.08437782987111016,0.08995271939074426
MorganBit,"r=1,b=1024",Asymmetric,20,0.16512668362060848,0.005094727869695618,0.0868662771308439,0.07723088975055947,0.342562590642889,0.007153098041716923,0.18611991797588195,0.1651103796408713,0.08396418905217717,0.0895965580447815
MorganBit,"r=2,b=1024",Asymmetric,20,0.15725251954412736,0.004880816675404216,0.07483446683428566,0.0720244308982519,0.32574854590251007,0.0066983277275619564,0.1601682373546738,0.15453860231781288,0.07255557620954313,0.07758428419082787
MACCS,-,Russel,20,0.14479608175567485,0.004285503610135668,0.08630507740643589,0.06976864900939954,0.3086343387759986,0.006508073971190051,0.18286442454099927,0.15264740546341385,0.08368778822028257,0.08927793289148779
MorganBit,"r=3,b=2048",Asymmetric,20,0.14979749458415748,0.004540800045344902,0.07303860165427864,0.06974190254649293,0.3143508476439812,0.006442501765324932,0.15760491165426777,0.15049734095044648,0.07082770405681454,0.07554110747717936
MorganBit,"r=3,b=1024",Asymmetric,20,0.130832626919092,0.003961594140281765,0.05386340067110706,0.05580587171445198,0.27419458297722465,0.005616311554915705,0.11666956520775737,0.12115920085600276,0.051894943065420904,0.05593952496828447
RDKBit,-,Russel,20,0.09154186681736835,0.002501536070134296,0.044598578398594935,0.04139746354194619,0.22323216711733904,0.004073518972454853,0.11207280881901302,0.10306382291222224,0.04293361732331401,0.046591119990815215
MACCS,-,Asymmetric,20,0.11424131110483188,0.003349423839802315,0.04972554823145987,0.03958377173793715,0.2462617752920675,0.005021053169202748,0.11089862403813847,0.08649545412395256,0.048088279443275525,0.05167129805867122
RDKBit,-,Asymmetric,20,0.10309880380521806,0.0026332581275292917,0.04821382533703928,0.035123322917869626,0.22795070372509216,0.003984069196076928,0.11014535599942774,0.07760974873258114,0.04622265382286534,0.05024207210637671
FeatMorganBit,"r=1,b=1024",Asymmetric,20,0.04703776961476877,0.0012925075696887589,0.015728086893941583,0.012639433842779985,0.11355849051978295,0.0022290284008592543,0.03968481375483196,0.03028664028490882,0.01494254597298268,0.01649784093722249
FeatMorganBit,"r=1,b=2048",Asymmetric,20,0.0456484882735236,0.0012509603784694862,0.014988194887170542,0.012486568331185643,0.10779311459068736,0.002065033977793518,0.03686877486090329,0.029168045166093254,0.01416931390068321,0.01587017296486909
FeatMorganBit,"r=1,b=4096",Asymmetric,20,0.04453706320052745,0.0012891752973236174,0.01444827411860776,0.012278776461668098,0.10612673810606534,0.002082224593358579,0.036043873415787686,0.028770779801759724,0.013706120951437376,0.015263890325848038
Random,-,Random,20,0.0531317698031459,0.0010457763422771055,0.015753827722119782,0.00890573416856239,0.12553638810290552,0.0018960068536366499,0.03929784749521281,0.021943373297146792,,
FeatMorganBit,"r=2,b=2048",Asymmetric,20,0.028788735047565222,0.0007916569834546813,0.008970125760362066,0.007001443581627189,0.07407908109652374,0.001426080918720564,0.023739529963263964,0.017667182092658756,0.008286775422764564,0.009586366853963744
FeatMorganBit,"r=2,b=1024",Asymmetric,20,0.03144485259489498,0.0008717818005928212,0.009421519654928323,0.006922800743603166,0.08061883634211736,0.0015426053698521806,0.024858622550241412,0.01755358219125724,0.008908116433681659,0.010033205426000271
FeatMorganBit,"r=2,b=4096",Asymmetric,20,0.028233022511067157,0.0007784937748814915,0.00854722806848698,0.006633496808890752,0.07298929277086962,0.0014025283859231948,0.022908361299211935,0.01655429529903366,0.00796507223076716,0.009123900771022266
FeatMorganBit,"r=3,b=1024",Asymmetric,20,0.029542243571630402,0.0007719316373255431,0.008893901012636343,0.006288745816487934,0.07674558859895739,0.0014515895736659987,0.023739362375250293,0.015989601433072122,0.00836729158507293,0.009492232096887245
FeatMorganBit,"r=3,b=4096",Asymmetric,20,0.02721578600357917,0.0007801203315282151,0.008247161492868112,0.0062171464393063125,0.07068532907784705,0.0013678125888240207,0.022688230996569275,0.015821317690530124,0.007664745537688393,0.008912635569002575
FeatMorganBit,"r=3,b=2048",Asymmetric,20,0.026956767448431763,0.0007258229237762762,0.008078366565036715,0.006146248417452247,0.07012016538653626,0.0013505351027771875,0.02187984114623121,0.015401817231292211,0.007596271759179256,0.008653436291897666
MorganBit,"r=2,b=4096",RogotGoldberg,50,0.1994122633512292,0.015421170862412098,0.13416865713854562,0.15008366148427857,0.4118663263902975,0.021811557772326243,0.27963837545121134,0.3108055583146745,0.1307334058310898,0.13850317063547862
MorganBit,"r=2,b=4096",Tanimoto,50,0.19922011867759254,0.015228026684147963,0.1342889853515874,0.15002224373907488,0.41158878615770256,0.021526152911869084,0.280089769868997,0.3107648683435155,0.13078561226956564,0.13865682635328477
MorganBit,"r=2,b=4096",Dice,50,0.19922011867759254,0.015228026684147963,0.1342889853515874,0.15002224373907488,0.41158878615770256,0.021526152911869084,0.280089769868997,0.3107648683435155,0.13078561226956564,0.13865682635328477
MorganBit,"r=2,b=4096",Sokal,50,0.19922011867759254,0.015228026684147963,0.1342889853515874,0.15002224373907488,0.41158878615770256,0.021526152911869084,0.280089769868997,0.3107648683435155,0.13078561226956564,0.13865682635328477
MorganBit,"r=2,b=4096",OnBit,50,0.19922011867759254,0.015228026684147963,0.1342889853515874,0.15002224373907488,0.41158878615770256,0.021526152911869084,0.280089769868997,0.3107648683435155,0.13078561226956564,0.13865682635328477
MorganBit,"r=2,b=4096",BraunBlanquet,50,0.19848544786662897,0.015112981200641737,0.13414293345925604,0.14983531468872752,0.4135632253538329,0.021517279708290548,0.2828991302415038,0.3121601774114714,0.1304998356819621,0.13836218943995107
MorganBit,"r=2,b=2048",Tanimoto,50,0.19821041725534522,0.015186279009709713,0.1333507481952694,0.14920519263083395,0.4085291145641348,0.02143660715662593,0.27770268357160294,0.3095430409690168,0.12975370793815547,0.13762782893407557
MorganBit,"r=2,b=2048",Dice,50,0.19821041725534522,0.015186279009709713,0.1333507481952694,0.14920519263083395,0.4085291145641348,0.02143660715662593,0.27770268357160294,0.3095430409690168,0.12975370793815547,0.13762782893407557
MorganBit,"r=2,b=2048",Sokal,50,0.19821041725534522,0.015186279009709713,0.1333507481952694,0.14920519263083395,0.4085291145641348,0.02143660715662593,0.27770268357160294,0.3095430409690168,0.12975370793815547,0.13762782893407557
MorganBit,"r=2,b=2048",OnBit,50,0.19821041725534522,0.015186279009709713,0.1333507481952694,0.14920519263083395,0.4085291145641348,0.02143660715662593,0.27770268357160294,0.3095430409690168,0.12975370793815547,0.13762782893407557
MorganBit,"r=1,b=4096",RogotGoldberg,50,0.20010172365074885,0.0156322847314657,0.13350151230224508,0.14916124872682632,0.41439413225143285,0.02215007179222805,0.2800860487347422,0.3087283046170943,0.12994238412736125,0.13770869683136025
MorganBit,"r=2,b=2048",RogotGoldberg,50,0.1978581520203447,0.015172653886878256,0.1329285758704932,0.14893017483410023,0.40768447208549285,0.02141100326807756,0.27653643317480153,0.3089107676831707,0.1293240310760354,0.13715427006907144
MorganBit,"r=2,b=2048",BraunBlanquet,50,0.1972478101158519,0.01499300880748822,0.13304053584559736,0.14891219039989498,0.4111254043025354,0.02142872292120954,0.2803324740070493,0.31040593134341576,0.1293910675913282,0.13736789305651453
MorganBit,"r=1,b=4096",Tanimoto,50,0.19895450692285957,0.015082421975700432,0.13315964508925546,0.14844352213131343,0.41223281724896177,0.021392059983753323,0.27951921041638156,0.30761025618705584,0.1295801714617284,0.13743146269713588
MorganBit,"r=1,b=4096",Dice,50,0.19895450692285957,0.015082421975700432,0.13315964508925546,0.14844352213131343,0.41223281724896177,0.021392059983753323,0.27951921041638156,0.30761025618705584,0.1295801714617284,0.13743146269713588
MorganBit,"r=1,b=4096",Sokal,50,0.19895450692285957,0.015082421975700432,0.13315964508925546,0.14844352213131343,0.41223281724896177,0.021392059983753323,0.27951921041638156,0.30761025618705584,0.1295801714617284,0.13743146269713588
MorganBit,"r=1,b=4096",OnBit,50,0.19895450692285957,0.015082421975700432,0.13315964508925546,0.14844352213131343,0.41223281724896177,0.021392059983753323,0.27951921041638156,0.30761025618705584,0.1295801714617284,0.13743146269713588
MorganBit,"r=1,b=2048",RogotGoldberg,50,0.1987906188188754,0.015392113851102578,0.1326911811522286,0.148358274337161,0.41143927700254523,0.02173444272028574,0.2778769475362299,0.3074813193670067,0.12916971618641523,0.13698621600655364
MorganBit,"r=2,b=4096",Cosine,50,0.19703871150042385,0.015055788691168292,0.13191670043911763,0.14825832326256158,0.4053624368365808,0.021224468256792053,0.27385731080442743,0.3068563631460926,0.12834578124952,0.13625225306368405
MorganBit,"r=2,b=1024",Tanimoto,50,0.19666572478101157,0.015041654911202955,0.13188845942705363,0.14808981373944877,0.40662875529828,0.02133114182668421,0.275346032240499,0.3070589230447337,0.12829528602159412,0.13624032025284377
MorganBit,"r=2,b=1024",Dice,50,0.19666572478101157,0.015041654911202955,0.13188845942705363,0.14808981373944877,0.40662875529828,0.02133114182668421,0.275346032240499,0.3070589230447337,0.12829528602159412,0.13624032025284377
MorganBit,"r=2,b=1024",Sokal,50,0.19666572478101157,0.015041654911202955,0.13188845942705363,0.14808981373944877,0.40662875529828,0.02133114182668421,0.275346032240499,0.3070589230447337,0.12829528602159412,0.13624032025284377
MorganBit,"r=2,b=1024",OnBit,50,0.19666572478101157,0.015041654911202955,0.13188845942705363,0.14808981373944877,0.40662875529828,0.02133114182668421,0.275346032240499,0.3070589230447337,0.12829528602159412,0.13624032025284377
MorganBit,"r=3,b=4096",BraunBlanquet,50,0.1954808326269191,0.014767912197243325,0.13135910666094033,0.14803882801103865,0.4077305705231013,0.021232769722783117,0.277371849514283,0.30879481065545744,0.1276899723107845,0.13579147354020907
MorganBit,"r=1,b=2048",Tanimoto,50,0.1980446453800509,0.015057057085851682,0.1324109842273606,0.14791250867629843,0.4101405382029079,0.02131717790777462,0.2774244619618743,0.30695770251357696,0.1288668482261811,0.13666124841890023
MorganBit,"r=1,b=2048",Dice,50,0.1980446453800509,0.015057057085851682,0.1324109842273606,0.14791250867629843,0.4101405382029079,0.02131717790777462,0.2774244619618743,0.30695770251357696,0.1288668482261811,0.13666124841890023
MorganBit,"r=1,b=2048",Sokal,50,0.1980446453800509,0.015057057085851682,0.1324109842273606,0.14791250867629843,0.4101405382029079,0.02131717790777462,0.2774244619618743,0.30695770251357696,0.1288668482261811,0.13666124841890023
MorganBit,"r=1,b=2048",OnBit,50,0.1980446453800509,0.015057057085851682,0.1324109842273606,0.14791250867629843,0.4101405382029079,0.02131717790777462,0.2774244619618743,0.30695770251357696,0.1288668482261811,0.13666124841890023
MorganBit,"r=3,b=4096",Tanimoto,50,0.1960591504191391,0.014989295419070469,0.13078399094951818,0.14762126406068282,0.4054320678424735,0.021281784160381043,0.2734033640644867,0.30707941118920934,0.12726813272640972,0.13507766516177266
MorganBit,"r=3,b=4096",Dice,50,0.1960591504191391,0.014989295419070469,0.13078399094951818,0.14762126406068282,0.4054320678424735,0.021281784160381043,0.2734033640644867,0.30707941118920934,0.12726813272640972,0.13507766516177266
MorganBit,"r=3,b=4096",Sokal,50,0.1960591504191391,0.014989295419070469,0.13078399094951818,0.14762126406068282,0.4054320678424735,0.021281784160381043,0.2734033640644867,0.30707941118920934,0.12726813272640972,0.13507766516177266
MorganBit,"r=3,b=4096",OnBit,50,0.1960591504191391,0.014989295419070469,0.13078399094951818,0.14762126406068282,0.4054320678424735,0.021281784160381043,0.2734033640644867,0.30707941118920934,0.12726813272640972,0.13507766516177266
MorganBit,"r=2,b=1024",RogotGoldberg,50,0.19590656494301592,0.014955412180725483,0.13118415330266736,0.14753835953906322,0.40513372922756735,0.02119767773965942,0.27371508289036545,0.30628922695212923,0.1275018063534555,0.13545921476321354
MorganBit,"r=2,b=2048",Cosine,50,0.19594989168314966,0.014986064097076068,0.13103135674717575,0.14751723783458648,0.4029924596112235,0.02112768159012517,0.27187117748361384,0.30545413747966904,0.1276248495643826,0.13533958108640218
MorganBit,"r=1,b=1024",RogotGoldberg,50,0.19736083639446172,0.015088605264634566,0.1315925306419128,0.14744739966220335,0.40934660592980954,0.02137063397612893,0.2761789712373361,0.3059575601754244,0.12812454197216613,0.13573543467401997
MorganBit,"r=1,b=4096",Cosine,50,0.19761326175002356,0.014921230598106608,0.1317130344217264,0.14735089499614723,0.4080981237488344,0.021068969340466925,0.2753651877318839,0.3048345165630729,0.12847600940055018,0.13599864283046825
MorganBit,"r=1,b=1024",Tanimoto,50,0.19709522463972873,0.014950135378866585,0.1315923268567349,0.14731494371468887,0.40862348715919955,0.021209762618261883,0.2761649203995591,0.3057199141274143,0.12806916725264111,0.1357802278591268
MorganBit,"r=1,b=1024",Dice,50,0.19709522463972873,0.014950135378866585,0.1315923268567349,0.14731494371468887,0.40862348715919955,0.021209762618261883,0.2761649203995591,0.3057199141274143,0.12806916725264111,0.1357802278591268
MorganBit,"r=1,b=1024",Sokal,50,0.19709522463972873,0.014950135378866585,0.1315923268567349,0.14731494371468887,0.40862348715919955,0.021209762618261883,0.2761649203995591,0.3057199141274143,0.12806916725264111,0.1357802278591268
MorganBit,"r=1,b=1024",OnBit,50,0.19709522463972873,0.014950135378866585,0.1315923268567349,0.14731494371468887,0.40862348715919955,0.021209762618261883,0.2761649203995591,0.3057199141274143,0.12806916725264111,0.1357802278591268
MorganBit,"r=3,b=4096",RogotGoldberg,50,0.1956503720448338,0.014972632524794428,0.13038315093850467,0.14726748964272116,0.40516097817432656,0.021290818168390877,0.27275703158666953,0.3065251904724951,0.126960609202267,0.13460133681911113
MorganBit,"r=2,b=1024",BraunBlanquet,50,0.1948799095789771,0.014732082926118903,0.13082369005650515,0.14713667052204057,0.40688475718611555,0.02115661022852483,0.2763446791650396,0.3068989282310346,0.1271729478527378,0.13508658115215091
MorganBit,"r=1,b=2048",Cosine,50,0.1969953847602901,0.014974394648903254,0.1312169619392612,0.14687170283990125,0.4064079137522888,0.021131573797570365,0.2738113447615995,0.30406965020489074,0.12777697918024258,0.13551822055384047
MorganBit,"r=3,b=2048",Tanimoto,50,0.19438259395309412,0.01489801620618575,0.1296073774822223,0.14660908953403665,0.4027175324858883,0.02129778460995824,0.2713235374393685,0.3054917150303789,0.12612092180779075,0.13382030967653072
MorganBit,"r=3,b=2048",Dice,50,0.19438259395309412,0.01489801620618575,0.1296073774822223,0.14660908953403665,0.4027175324858883,0.02129778460995824,0.2713235374393685,0.3054917150303789,0.12612092180779075,0.13382030967653072
MorganBit,"r=3,b=2048",Sokal,50,0.19438259395309412,0.01489801620618575,0.1296073774822223,0.14660908953403665,0.4027175324858883,0.02129778460995824,0.2713235374393685,0.3054917150303789,0.12612092180779075,0.13382030967653072
MorganBit,"r=3,b=2048",OnBit,50,0.19438259395309412,0.01489801620618575,0.1296073774822223,0.14660908953403665,0.4027175324858883,0.02129778460995824,0.2713235374393685,0.3054917150303789,0.12612092180779075,0.13382030967653072
MorganBit,"r=3,b=2048",BraunBlanquet,50,0.1932334934538947,0.014602467303812433,0.129293830361342,0.14648545190002177,0.4038408092699969,0.02102808567528453,0.2734409228658092,0.3063639130575417,0.12563193476940182,0.13366648790435828
MorganBit,"r=2,b=1024",Cosine,50,0.19463501930865593,0.014951261512082254,0.12981002197790756,0.14645035144080654,0.4009368031528766,0.021128814345385872,0.2699588073497237,0.3034044945623205,0.12637312208359083,0.13392210755470588
MorganBit,"r=1,b=1024",Cosine,50,0.19583874917585004,0.014852997876618736,0.13019681989249907,0.14612826311026497,0.4049512377168705,0.021018093393828412,0.2720135719769225,0.3026469722938742,0.12691097816598096,0.13441962172004332
MorganBit,"r=3,b=2048",RogotGoldberg,50,0.19349533766600735,0.014804992190002664,0.12876857804809658,0.1461129823424151,0.4006030286540623,0.02114578322170142,0.2692138546304882,0.30443385272970724,0.12535471176523716,0.1328702317718835
MorganBit,"r=1,b=4096",BraunBlanquet,50,0.1959781482528021,0.014821061253912457,0.1308129007659796,0.14594282170157313,0.41043744582418,0.021292832261426933,0.2781910537018528,0.30478889895092864,0.12729902582718525,0.13483993213679896
MorganCount,r=2,Tanimoto,50,0.19310539700480364,0.014592928103947599,0.1287532460381049,0.1458388286459469,0.4037782761037596,0.020750986536229973,0.2727204613614444,0.30494376458993233,0.12552125821761553,0.13298922094775745
MorganCount,r=2,Dice,50,0.19310539700480364,0.014592928103947599,0.1287532460381049,0.1458388286459469,0.4037782761037596,0.020750986536229973,0.2727204613614444,0.30494376458993233,0.12552125821761553,0.13298922094775745
MorganCount,r=3,Tanimoto,50,0.19291513610247715,0.014630001982023084,0.12827501826463428,0.14559073826435026,0.40375430192500467,0.02084362353381629,0.27166253595179785,0.30456020488202684,0.12518342058080467,0.13261355952224393
MorganCount,r=3,Dice,50,0.19291513610247715,0.014630001982023084,0.12827501826463428,0.14559073826435026,0.40375430192500467,0.02084362353381629,0.27166253595179785,0.30456020488202684,0.12518342058080467,0.13261355952224393
MorganBit,"r=1,b=2048",BraunBlanquet,50,0.19494395780352267,0.014603596355094017,0.1299395721500069,0.14546118188154525,0.40878228594646787,0.02111738236395539,0.27623524909820624,0.3037109505990677,0.12647847055852773,0.13398285724964393
RDKBit,-,RogotGoldberg,50,0.20004332674013375,0.015560793698911168,0.1333798581444161,0.14532501485890437,0.4085062867277203,0.021269099450235564,0.27332834330657746,0.2982557022460302,0.1300462896132113,0.13734632630152857
MorganBit,"r=3,b=4096",Cosine,50,0.19269850240180844,0.01469127997074962,0.12730199296260625,0.1451078482114673,0.39681271099371235,0.020813322594683575,0.264651486364064,0.3012287921718421,0.12387399372308992,0.13139088562818552
MorganBit,"r=3,b=1024",Tanimoto,50,0.19226146745785064,0.014581086311399146,0.12784470118539382,0.14492260868257242,0.39952918387786757,0.020815361621977887,0.26846705086962874,0.3023062636172227,0.12426007143639761,0.13194146194713008
MorganBit,"r=3,b=1024",Dice,50,0.19226146745785064,0.014581086311399146,0.12784470118539382,0.14492260868257242,0.39952918387786757,0.020815361621977887,0.26846705086962874,0.3023062636172227,0.12426007143639761,0.13194146194713008
MorganBit,"r=3,b=1024",Sokal,50,0.19226146745785064,0.014581086311399146,0.12784470118539382,0.14492260868257242,0.39952918387786757,0.020815361621977887,0.26846705086962874,0.3023062636172227,0.12426007143639761,0.13194146194713008
MorganBit,"r=3,b=1024",OnBit,50,0.19226146745785064,0.014581086311399146,0.12784470118539382,0.14492260868257242,0.39952918387786757,0.020815361621977887,0.26846705086962874,0.3023062636172227,0.12426007143639761,0.13194146194713008
MorganBit,"r=1,b=1024",BraunBlanquet,50,0.19408307431477817,0.014570574264375061,0.12905903350743986,0.1446662532792948,0.4074105228219951,0.021048354029129166,0.27474764430786075,0.3019882778964377,0.12545590009964425,0.1330086155181571
MorganBit,"r=3,b=2048",Cosine,50,0.19153244796081756,0.014704842133186834,0.12649763243601023,0.14446933987410213,0.39561117814933944,0.020948858032017355,0.26347883499214736,0.30037434942318414,0.12303556359859183,0.13049495294632357
MorganBit,"r=3,b=1024",BraunBlanquet,50,0.19019120278798154,0.014263110019261538,0.1266967880970221,0.1442197459735935,0.39755330005961115,0.02059772855055435,0.2681325879253802,0.3015792392387003,0.12305415751748532,0.13085541642395151
FeatMorganBit,"r=3,b=4096",Tanimoto,50,0.19555429970801544,0.015378499418776793,0.12882718678955105,0.14410501221162716,0.40381445902515406,0.021773529424770097,0.2688698859487012,0.2971030360167219,0.12511228562779386,0.1327122324580773
FeatMorganBit,"r=3,b=4096",Dice,50,0.19555429970801544,0.015378499418776793,0.12882718678955105,0.14410501221162716,0.40381445902515406,0.021773529424770097,0.2688698859487012,0.2971030360167219,0.12511228562779386,0.1327122324580773
FeatMorganBit,"r=3,b=4096",Sokal,50,0.19555429970801544,0.015378499418776793,0.12882718678955105,0.14410501221162716,0.40381445902515406,0.021773529424770097,0.2688698859487012,0.2971030360167219,0.12511228562779386,0.1327122324580773
FeatMorganBit,"r=3,b=4096",OnBit,50,0.19555429970801544,0.015378499418776793,0.12882718678955105,0.14410501221162716,0.40381445902515406,0.021773529424770097,0.2688698859487012,0.2971030360167219,0.12511228562779386,0.1327122324580773
FeatMorganBit,"r=3,b=4096",BraunBlanquet,50,0.1937779033625318,0.01507437479577317,0.12866975022901347,0.144044637064192,0.4025159391320021,0.02149301032046628,0.2698619134475678,0.2981164103296127,0.1250041733818206,0.13283014997865503
MorganBit,"r=3,b=1024",RogotGoldberg,50,0.19082791749081662,0.014434149729105896,0.12661408137456978,0.14404285841565673,0.3960877974716792,0.020657285034894297,0.2651421992754334,0.3002100691514153,0.12317393637920397,0.13060735268676904
FeatMorganBit,"r=3,b=4096",RogotGoldberg,50,0.19509277573702555,0.015294686505938302,0.12850539327922011,0.14386985111148332,0.402746088120017,0.02161477392308401,0.2680940332871407,0.29655657129935925,0.12479069925902207,0.13243285195777948
FeatMorganBit,"r=2,b=4096",Tanimoto,50,0.19740604690590563,0.015580069637769684,0.13003597966103636,0.14381303572770143,0.4089328343078705,0.02202478012942671,0.27182672100412825,0.2973048099209286,0.1263868925253697,0.13387970968952348
FeatMorganBit,"r=2,b=4096",Dice,50,0.19740604690590563,0.015580069637769684,0.13003597966103636,0.14381303572770143,0.4089328343078705,0.02202478012942671,0.27182672100412825,0.2973048099209286,0.1263868925253697,0.13387970968952348
FeatMorganBit,"r=2,b=4096",Sokal,50,0.19740604690590563,0.015580069637769684,0.13003597966103636,0.14381303572770143,0.4089328343078705,0.02202478012942671,0.27182672100412825,0.2973048099209286,0.1263868925253697,0.13387970968952348
FeatMorganBit,"r=2,b=4096",OnBit,50,0.19740604690590563,0.015580069637769684,0.13003597966103636,0.14381303572770143,0.4089328343078705,0.02202478012942671,0.27182672100412825,0.2973048099209286,0.1263868925253697,0.13387970968952348
FeatMorganBit,"r=3,b=2048",Tanimoto,50,0.19513798624846945,0.015372628774526208,0.128482753159639,0.14366163048032754,0.4039792071585975,0.021771887963487217,0.268525054682303,0.29625323415351745,0.12479153996023165,0.13236987872578534
FeatMorganBit,"r=3,b=2048",Dice,50,0.19513798624846945,0.015372628774526208,0.128482753159639,0.14366163048032754,0.4039792071585975,0.021771887963487217,0.268525054682303,0.29625323415351745,0.12479153996023165,0.13236987872578534
FeatMorganBit,"r=3,b=2048",Sokal,50,0.19513798624846945,0.015372628774526208,0.128482753159639,0.14366163048032754,0.4039792071585975,0.021771887963487217,0.268525054682303,0.29625323415351745,0.12479153996023165,0.13236987872578534
FeatMorganBit,"r=3,b=2048",OnBit,50,0.19513798624846945,0.015372628774526208,0.128482753159639,0.14366163048032754,0.4039792071585975,0.021771887963487217,0.268525054682303,0.29625323415351745,0.12479153996023165,0.13236987872578534
MorganBit,"r=1,b=4096",Kulczynski,50,0.19207874164076483,0.014576660800173415,0.1261128939607459,0.14362585168359862,0.3946249554950834,0.02051802268447289,0.2613139098508327,0.29604127261706753,0.12280156456474207,0.13019130659345288
MorganBit,"r=1,b=4096",McConnaughey,50,0.19207874164076483,0.014576660800173415,0.1261128939607459,0.14362585168359862,0.3946249554950834,0.02051802268447289,0.2613139098508327,0.29604127261706753,0.12280156456474207,0.13019130659345288
FeatMorganBit,"r=2,b=4096",RogotGoldberg,50,0.19725911274371294,0.015571011684094171,0.12988521282094312,0.14353537762128826,0.40849522814701067,0.021981857473734073,0.2715776853038697,0.2967469190193691,0.12621767651546106,0.13370103559996474
FeatMorganBit,"r=3,b=2048",BraunBlanquet,50,0.19353301309221058,0.01495444594894434,0.12830891396958105,0.14344766577936058,0.40369900458624514,0.02141105689017386,0.27012705059580844,0.2972613381121232,0.12472205285281866,0.13236703091494786
MorganCount,r=1,Tanimoto,50,0.19137044362814357,0.014314613927455394,0.12644180431951957,0.14341820492822338,0.4023905406551248,0.020482550632823088,0.2701711967184391,0.3005991709760841,0.12313943988552475,0.1306147310784024
MorganCount,r=1,Dice,50,0.19137044362814357,0.014314613927455394,0.12644180431951957,0.14341820492822338,0.4023905406551248,0.020482550632823088,0.2701711967184391,0.3005991709760841,0.12313943988552475,0.1306147310784024
FeatMorganBit,"r=3,b=2048",RogotGoldberg,50,0.1945540171423189,0.015344200639327114,0.12797206028666655,0.14322068695725795,0.40282658270429306,0.021765138851459014,0.26734981411113273,0.29563313571465616,0.12434110233595011,0.13181968086711557
FeatMorganBit,"r=2,b=2048",Tanimoto,50,0.19671658660638597,0.015366407933155994,0.1294161194900038,0.14320402081182265,0.4073776395977487,0.02184551728394187,0.2704516226869792,0.2960801166024046,0.125904414908719,0.13326796129185786
FeatMorganBit,"r=2,b=2048",Dice,50,0.19671658660638597,0.015366407933155994,0.1294161194900038,0.14320402081182265,0.4073776395977487,0.02184551728394187,0.2704516226869792,0.2960801166024046,0.125904414908719,0.13326796129185786
FeatMorganBit,"r=2,b=2048",Sokal,50,0.19671658660638597,0.015366407933155994,0.1294161194900038,0.14320402081182265,0.4073776395977487,0.02184551728394187,0.2704516226869792,0.2960801166024046,0.125904414908719,0.13326796129185786
FeatMorganBit,"r=2,b=2048",OnBit,50,0.19671658660638597,0.015366407933155994,0.1294161194900038,0.14320402081182265,0.4073776395977487,0.02184551728394187,0.2704516226869792,0.2960801166024046,0.125904414908719,0.13326796129185786
FeatMorganBit,"r=2,b=2048",RogotGoldberg,50,0.19652632570405953,0.015240380715715564,0.12924802956317402,0.14309215753689059,0.4067481715524629,0.021642057481886006,0.2699917105264512,0.2956932286862073,0.12574223826493963,0.13310571050611864
MorganBit,"r=3,b=1024",Cosine,50,0.189976452858623,0.014350490845078478,0.12543540719564908,0.1430858286122453,0.3934792644890623,0.020499733028485935,0.2622018445004113,0.2979461477950463,0.12190223074808944,0.12937140230156619
MorganBit,"r=1,b=2048",Kulczynski,50,0.19148158613544317,0.014540315556454143,0.12563353982275727,0.1430143395967056,0.39301509085438513,0.020509047222067117,0.25952429904266944,0.2943732787481988,0.12237957431559417,0.12970656421156979
MorganBit,"r=1,b=2048",McConnaughey,50,0.19148158613544317,0.014540315556454143,0.12563353982275727,0.1430143395967056,0.39301509085438513,0.020509047222067117,0.25952429904266944,0.2943732787481988,0.12237957431559417,0.12970656421156979
FeatMorganBit,"r=3,b=1024",Tanimoto,50,0.19367994725440332,0.015110365933083259,0.12706805280489697,0.14258482339530476,0.40259644559694385,0.02150158405199514,0.26650395552012807,0.2953740208669548,0.12342521746663632,0.13106828307539978
FeatMorganBit,"r=3,b=1024",Dice,50,0.19367994725440332,0.015110365933083259,0.12706805280489697,0.14258482339530476,0.40259644559694385,0.02150158405199514,0.26650395552012807,0.2953740208669548,0.12342521746663632,0.13106828307539978
FeatMorganBit,"r=3,b=1024",Sokal,50,0.19367994725440332,0.015110365933083259,0.12706805280489697,0.14258482339530476,0.40259644559694385,0.02150158405199514,0.26650395552012807,0.2953740208669548,0.12342521746663632,0.13106828307539978
FeatMorganBit,"r=3,b=1024",OnBit,50,0.19367994725440332,0.015110365933083259,0.12706805280489697,0.14258482339530476,0.40259644559694385,0.02150158405199514,0.26650395552012807,0.2953740208669548,0.12342521746663632,0.13106828307539978
FeatMorganBit,"r=2,b=4096",Cosine,50,0.196126966186305,0.015529367525820762,0.12846682560688613,0.14257506167127745,0.4059046786696652,0.022006696740869632,0.26793745394278884,0.2947834097841281,0.12485188199892781,0.13231345147289286
FeatMorganBit,"r=2,b=1024",Tanimoto,50,0.19533013092210608,0.015242957214339114,0.12851112951284738,0.1425595117564434,0.4062706048346703,0.021703474827493886,0.26953073691743723,0.2954815675478149,0.1250165916956355,0.13220826651312728
FeatMorganBit,"r=2,b=1024",Dice,50,0.19533013092210608,0.015242957214339114,0.12851112951284738,0.1425595117564434,0.4062706048346703,0.021703474827493886,0.26953073691743723,0.2954815675478149,0.1250165916956355,0.13220826651312728
FeatMorganBit,"r=2,b=1024",Sokal,50,0.19533013092210608,0.015242957214339114,0.12851112951284738,0.1425595117564434,0.4062706048346703,0.021703474827493886,0.26953073691743723,0.2954815675478149,0.1250165916956355,0.13220826651312728
FeatMorganBit,"r=2,b=1024",OnBit,50,0.19533013092210608,0.015242957214339114,0.12851112951284738,0.1425595117564434,0.4062706048346703,0.021703474827493886,0.26953073691743723,0.2954815675478149,0.1250165916956355,0.13220826651312728
FeatMorganBit,"r=2,b=4096",BraunBlanquet,50,0.19461618159555433,0.015252651481810885,0.128280632907355,0.14254579249512828,0.40595408904905234,0.021847588366249032,0.2704559508465973,0.2961215936102741,0.12479043925145433,0.1321387556941697
FeatMorganBit,"r=2,b=1024",RogotGoldberg,50,0.19491946877649055,0.01509421410333323,0.12801846664176147,0.1423128840630094,0.4048873674179013,0.021509650614726837,0.26826969814506124,0.29442863991596624,0.12450688921475325,0.13168804069137785
FeatMorganBit,"r=3,b=1024",RogotGoldberg,50,0.19302251106715645,0.015170019352019271,0.12672398171415072,0.14214489020171212,0.4006961732507366,0.021621201839157247,0.26555132596346187,0.2941808062564458,0.12302580822420836,0.1306706069632581
MorganBit,"r=1,b=1024",Kulczynski,50,0.19005745502496,0.014218473332679265,0.12446017220977815,0.14206616891535945,0.3910967394695941,0.020106760930092085,0.2574468437408401,0.2926655080961735,0.1211738929633859,0.12850880152087177
MorganBit,"r=1,b=1024",McConnaughey,50,0.19005745502496,0.014218473332679265,0.12446017220977815,0.14206616891535945,0.3910967394695941,0.020106760930092085,0.2574468437408401,0.2926655080961735,0.1211738929633859,0.12850880152087177
FeatMorganBit,"r=2,b=2048",Cosine,50,0.19546576245643782,0.015245614717421412,0.12789563275937574,0.1420020668364779,0.40439159698266686,0.021700987244187293,0.2668842254560662,0.29330169760853153,0.12441608920590541,0.13175654569294878
FeatMorganBit,"r=2,b=2048",BraunBlanquet,50,0.19373646039370826,0.014972643837437653,0.12760458968592742,0.14189197950278093,0.40453009497798886,0.02157130916869535,0.2691194723858486,0.29479788350677383,0.12425683924713211,0.1313836354146995
FeatMorganBit,"r=3,b=1024",BraunBlanquet,50,0.19095789771121785,0.01472424702657016,0.1258941456190818,0.14186178430454277,0.3997959999861213,0.021164150993384555,0.2661258343937994,0.2953380299441822,0.12245136400990382,0.1302030924099002
FeatMorganBit,"r=3,b=4096",Cosine,50,0.19209192803993597,0.015148105194697644,0.12537946111264311,0.14158221202511023,0.39659229632744436,0.021531503063344826,0.26102009984886193,0.2916866762096466,0.12187096455919547,0.1291855919726592
FeatMorganBit,"r=2,b=1024",Cosine,50,0.19432231327116886,0.015167095375514335,0.12721380184709058,0.1414481578831982,0.40387250482410136,0.021651688228340574,0.26662390031236594,0.29293164831346485,0.12365268003832466,0.13093812076735356
FeatMorganBit,"r=3,b=2048",Cosine,50,0.19210699821041727,0.01507647187153408,0.1253328462655168,0.14142291152058173,0.3978074809368854,0.02138275309047977,0.2615652181918905,0.2913628055345776,0.12181544321391495,0.12911587464013147
MorganBit,"r=2,b=4096",Kulczynski,50,0.18808326269190923,0.014270468393226115,0.12156040396181611,0.14128215637224292,0.38512077944340584,0.02010784064232734,0.2501806635536684,0.2907298270238106,0.11836707709519183,0.12547731505041573
MorganBit,"r=2,b=4096",McConnaughey,50,0.18808326269190923,0.014270468393226115,0.12156040396181611,0.14128215637224292,0.38512077944340584,0.02010784064232734,0.2501806635536684,0.2907298270238106,0.11836707709519183,0.12547731505041573
FeatMorganBit,"r=2,b=1024",BraunBlanquet,50,0.1924008665348027,0.014828847869013962,0.12653645963272406,0.140987720823104,0.40228184999566635,0.021245983014328014,0.2669966674527878,0.29323162909194217,0.1230198112206967,0.130413210121878
FeatMorganCount,r=3,Tanimoto,50,0.18942450786474524,0.01479643146831884,0.12421671894143305,0.14080734294136327,0.39810985101186447,0.021355317764138744,0.2651049553567528,0.29392946874009646,0.1208145171837048,0.12810422553009848
FeatMorganCount,r=3,Dice,50,0.18942450786474524,0.01479643146831884,0.12421671894143305,0.14080734294136327,0.39810985101186447,0.021355317764138744,0.2651049553567528,0.29392946874009646,0.1208145171837048,0.12810422553009848
FeatMorganBit,"r=3,b=1024",Cosine,50,0.1911745314118866,0.014969086909382454,0.12454231539512875,0.14062072890372587,0.39733319958410357,0.021411100936161987,0.261102905451866,0.2911942033395429,0.12088802588495906,0.12837912787013242
MorganBit,"r=2,b=2048",Kulczynski,50,0.18591504191391167,0.01411586756144992,0.11842829016078393,0.13901925208054722,0.3800499784777351,0.01985359438013343,0.243641839127655,0.28647022442767395,0.11538706520229843,0.12217207356735792
MorganBit,"r=2,b=2048",McConnaughey,50,0.18591504191391167,0.01411586756144992,0.11842829016078393,0.13901925208054722,0.3800499784777351,0.01985359438013343,0.243641839127655,0.28647022442767395,0.11538706520229843,0.12217207356735792
FeatMorganCount,r=2,Tanimoto,50,0.18737873222190826,0.014484520215577121,0.1220820822407169,0.13847561494096747,0.3961084723564534,0.02111774370896187,0.2625783598865801,0.290199197303738,0.11875693283190207,0.12613714737821954
FeatMorganCount,r=2,Dice,50,0.18737873222190826,0.014484520215577121,0.1220820822407169,0.13847561494096747,0.3961084723564534,0.02111774370896187,0.2625783598865801,0.290199197303738,0.11875693283190207,0.12613714737821954
RDKBit,-,Tanimoto,50,0.1890948478854667,0.01425745780059936,0.12420908812604105,0.13723086705335102,0.3952582451043795,0.02031208059417036,0.2598059000903363,0.2855952088658821,0.12079302866572797,0.12821450160577932
RDKBit,-,Sokal,50,0.1890948478854667,0.01425745780059936,0.12420908812604105,0.13723086705335102,0.3952582451043795,0.02031208059417036,0.2598059000903363,0.2855952088658821,0.12079302866572797,0.12821450160577932
MACCS,-,RogotGoldberg,50,0.1936969011961948,0.015338180624869156,0.12346991197982464,0.13701152037593914,0.4051371888828576,0.021934799264126392,0.26144217062111286,0.28494944038322295,0.12032145875238708,0.127081368335366
MorganBit,"r=2,b=1024",Kulczynski,50,0.18164641612508242,0.013655352683707527,0.11404169376349689,0.13639264619353117,0.3722824988976722,0.019264275751562608,0.23511961074273277,0.28140927268154226,0.11111011340468364,0.11782509994409326
MorganBit,"r=2,b=1024",McConnaughey,50,0.18164641612508242,0.013655352683707527,0.11404169376349689,0.13639264619353117,0.3722824988976722,0.019264275751562608,0.23511961074273277,0.28140927268154226,0.11111011340468364,0.11782509994409326
MACCS,-,Cosine,50,0.19247433361589902,0.015101363457358786,0.1225485941851971,0.1361585421087646,0.4022204164710388,0.021548100677930115,0.2592626920839704,0.28335421146800277,0.11937035031710931,0.12615489120519266
MACCS,-,Tanimoto,50,0.19252331166996325,0.015124141807274687,0.12245765960919683,0.13600125968580198,0.40285107389422853,0.02163398305717492,0.2597384709701385,0.28320837355401157,0.11928815532873045,0.12605012295236862
MACCS,-,Dice,50,0.19252331166996325,0.015124141807274687,0.12245765960919683,0.13600125968580198,0.40285107389422853,0.02163398305717492,0.2597384709701385,0.28320837355401157,0.11928815532873045,0.12605012295236862
MACCS,-,Sokal,50,0.19252331166996325,0.015124141807274687,0.12245765960919683,0.13600125968580198,0.40285107389422853,0.02163398305717492,0.2597384709701385,0.28320837355401157,0.11928815532873045,0.12605012295236862
MACCS,-,OnBit,50,0.19252331166996325,0.015124141807274687,0.12245765960919683,0.13600125968580198,0.40285107389422853,0.02163398305717492,0.2597384709701385,0.28320837355401157,0.11928815532873045,0.12605012295236862
RDKBit,-,Dice,50,0.18652350004709428,0.013534902632412487,0.12295250139140125,0.13583771619591442,0.38819783823331855,0.01894838632184266,0.2562008082560269,0.28193876859626393,0.11962936207584572,0.12680811768589165
RDKBit,-,OnBit,50,0.18652350004709428,0.013534902632412487,0.12295250139140125,0.13583771619591442,0.38819783823331855,0.01894838632184266,0.2562008082560269,0.28193876859626393,0.11962936207584572,0.12680811768589165
MACCS,-,McConnaughey,50,0.19118960158236792,0.014684941730618328,0.12163376010439338,0.1356820225846677,0.4002579208440753,0.021128926069219497,0.2576767086310076,0.2827453798418581,0.11845614645954095,0.1253072892190549
MACCS,-,Kulczynski,50,0.1911651125553358,0.014676686837088046,0.12164177513147297,0.13564139956678714,0.4000783164266473,0.02111998971426773,0.2575759423289813,0.2825785647936122,0.11847878872949322,0.12534446357890786
TopTorsionCount,hashed,Tanimoto,50,0.1791617217669775,0.013231887647385204,0.11933267715996666,0.13471250605802154,0.3655545582454946,0.01808127414673924,0.2454278053675972,0.2767278564168279,0.11604317696690825,0.12339098509871103
TopTorsionCount,hashed,Dice,50,0.1791617217669775,0.013231887647385204,0.11933267715996666,0.13471250605802154,0.3655545582454946,0.01808127414673924,0.2454278053675972,0.2767278564168279,0.11604317696690825,0.12339098509871103
AtomPairCount,hashed,Tanimoto,50,0.1799434868606951,0.012895708859496173,0.1185384467188885,0.1338922457035396,0.3808488180922999,0.018630018069569605,0.2541107760891276,0.2819590715889212,0.11498675773910717,0.12276093886975613
AtomPairCount,hashed,Dice,50,0.1799434868606951,0.012895708859496173,0.1185384467188885,0.1338922457035396,0.3808488180922999,0.018630018069569605,0.2541107760891276,0.2819590715889212,0.11498675773910717,0.12276093886975613
RDKBit,-,BraunBlanquet,50,0.18497315625883018,0.013418641037891423,0.12068301827989097,0.13317112671390854,0.38222190196030437,0.01876166022932871,0.2516448247907426,0.27490099040643934,0.11760981737427187,0.12443485094250531
RDKBit,-,Cosine,50,0.18123010266553638,0.012997191469969457,0.1187742200205529,0.13250261334806215,0.38144634831270674,0.01842660328844747,0.24988045268410874,0.27725336563908615,0.11541699903532276,0.12273605004487606
MorganBit,"r=3,b=4096",Kulczynski,50,0.17773193934256384,0.013465690912735874,0.10964028368120218,0.13230051343698773,0.3644533601845108,0.019040349050434037,0.22703520015391926,0.27383371534681705,0.10635631419622672,0.11307389352453884
MorganBit,"r=3,b=4096",McConnaughey,50,0.17773193934256384,0.013465690912735874,0.10964028368120218,0.13230051343698773,0.3644533601845108,0.019040349050434037,0.22703520015391926,0.27383371534681705,0.10635631419622672,0.11307389352453884
MorganBit,"r=2,b=4096",Russel,50,0.17870208156729772,0.013526177619271695,0.11675938512469632,0.12980858004798515,0.37242590957718025,0.019571933790940316,0.24492316805585815,0.2713231018838366,0.11346943290025494,0.1207454887351239
FeatMorganBit,"r=2,b=1024",Kulczynski,50,0.17189413205236884,0.01285951716904884,0.11411470574364306,0.12969777651982894,0.3626128245336474,0.018881708680772963,0.23991752927591914,0.26924741551888715,0.11082555485294288,0.11766764793333816
FeatMorganBit,"r=2,b=1024",McConnaughey,50,0.17189413205236884,0.01285951716904884,0.11411470574364306,0.12969777651982894,0.3626128245336474,0.018881708680772963,0.23991752927591914,0.26924741551888715,0.11082555485294288,0.11766764793333816
MorganBit,"r=3,b=2048",Kulczynski,50,0.17431289441461809,0.013293539148770621,0.10441131548757188,0.12879848925054999,0.35733102790916293,0.018824130769034907,0.21625567913303356,0.2668734008516827,0.10135600436055783,0.1077739276954928
MorganBit,"r=3,b=2048",McConnaughey,50,0.17431289441461809,0.013293539148770621,0.10441131548757188,0.12879848925054999,0.35733102790916293,0.018824130769034907,0.21625567913303356,0.2668734008516827,0.10135600436055783,0.1077739276954928
FeatMorganBit,"r=2,b=2048",Kulczynski,50,0.16667420175190734,0.0125791674482582,0.111254309587503,0.1282387379283932,0.35086943852986974,0.018440582390493645,0.23360887470016845,0.2664893403710642,0.10810361452519616,0.11486045240087099
FeatMorganBit,"r=2,b=2048",McConnaughey,50,0.16667420175190734,0.0125791674482582,0.111254309587503,0.1282387379283932,0.35086943852986974,0.018440582390493645,0.23360887470016845,0.2664893403710642,0.10810361452519616,0.11486045240087099
FeatMorganBit,"r=2,b=4096",Kulczynski,50,0.16529339738155788,0.012594114298985049,0.1105334262046555,0.12775984896289222,0.34822577348293143,0.018387861505254656,0.23194010944233523,0.2653617768939124,0.10716496950041639,0.11405427832443914
FeatMorganBit,"r=2,b=4096",McConnaughey,50,0.16529339738155788,0.012594114298985049,0.1105334262046555,0.12775984896289222,0.34822577348293143,0.018387861505254656,0.23194010944233523,0.2653617768939124,0.10716496950041639,0.11405427832443914
MorganBit,"r=2,b=2048",Russel,50,0.17575774700951305,0.013231921348254223,0.1143211421133483,0.1274181777676774,0.36670677782577543,0.01906302116360634,0.2402587651066029,0.26660014007020777,0.11100970923336066,0.11828880511090062
MorganBit,"r=3,b=4096",Russel,50,0.17446359611943113,0.013244068180018177,0.1134394308407984,0.1271193124773866,0.3651002119292573,0.019196241678480108,0.23864291193606121,0.2664044505417808,0.11013290204640108,0.11736314898686769
FeatMorganCount,r=1,Tanimoto,50,0.17795045681454272,0.013512978822314479,0.11139606091728607,0.12679116610010582,0.3782457036186544,0.019927795531068177,0.24166447179651773,0.26783158169452753,0.10830368425420095,0.11517008682204184
FeatMorganCount,r=1,Dice,50,0.17795045681454272,0.013512978822314479,0.11139606091728607,0.12679116610010582,0.3782457036186544,0.019927795531068177,0.24166447179651773,0.26783158169452753,0.10830368425420095,0.11517008682204184
FeatMorganBit,"r=1,b=2048",RogotGoldberg,50,0.18240934350569843,0.014031329912677326,0.11336983060436458,0.12653135704566382,0.38228132413010063,0.020254488374645756,0.24076208568741186,0.2630260065732777,0.11001187886026415,0.11680269867629206
FeatMorganBit,"r=1,b=4096",RogotGoldberg,50,0.18234906282377317,0.013970236735764736,0.1135240026146069,0.12629969999785537,0.38224467574328064,0.0202107518644262,0.2407576439627598,0.2626401758124531,0.1100408612803824,0.11692140542977936
FeatMorganBit,"r=1,b=4096",Tanimoto,50,0.1822209663746821,0.013873132650692807,0.11345993415857551,0.12629692164427392,0.38194648200846737,0.020035293374827946,0.2406866582608122,0.26285366843671654,0.10995496337336003,0.1168757463503668
FeatMorganBit,"r=1,b=4096",Dice,50,0.1822209663746821,0.013873132650692807,0.11345993415857551,0.12629692164427392,0.38194648200846737,0.020035293374827946,0.2406866582608122,0.26285366843671654,0.10995496337336003,0.1168757463503668
FeatMorganBit,"r=1,b=4096",Sokal,50,0.1822209663746821,0.013873132650692807,0.11345993415857551,0.12629692164427392,0.38194648200846737,0.020035293374827946,0.2406866582608122,0.26285366843671654,0.10995496337336003,0.1168757463503668
FeatMorganBit,"r=1,b=4096",OnBit,50,0.1822209663746821,0.013873132650692807,0.11345993415857551,0.12629692164427392,0.38194648200846737,0.020035293374827946,0.2406866582608122,0.26285366843671654,0.10995496337336003,0.1168757463503668
FeatMorganBit,"r=1,b=2048",Tanimoto,50,0.1823490628237732,0.01414160783093168,0.11338635815862039,0.12625387511215447,0.3824540426897869,0.02040557937627088,0.240998235929593,0.26291548263576775,0.10994562057699338,0.1168573599652021
FeatMorganBit,"r=1,b=2048",Dice,50,0.1823490628237732,0.01414160783093168,0.11338635815862039,0.12625387511215447,0.3824540426897869,0.02040557937627088,0.240998235929593,0.26291548263576775,0.10994562057699338,0.1168573599652021
FeatMorganBit,"r=1,b=2048",Sokal,50,0.1823490628237732,0.01414160783093168,0.11338635815862039,0.12625387511215447,0.3824540426897869,0.02040557937627088,0.240998235929593,0.26291548263576775,0.10994562057699338,0.1168573599652021
FeatMorganBit,"r=1,b=2048",OnBit,50,0.1823490628237732,0.01414160783093168,0.11338635815862039,0.12625387511215447,0.3824540426897869,0.02040557937627088,0.240998235929593,0.26291548263576775,0.10994562057699338,0.1168573599652021
MACCS,-,BraunBlanquet,50,0.18387115004238488,0.014359028649936729,0.11340303435453486,0.12619672281890393,0.38715928562816293,0.020824882766372094,0.24304038541840478,0.2644702097567957,0.11055339326362255,0.11686992783549845
FeatMorganBit,"r=1,b=2048",Cosine,50,0.18201563530187437,0.01407451770415944,0.11306251180277181,0.12595693449834644,0.38136637560983605,0.020240765009018204,0.23959576984384787,0.2617206886925999,0.10969588978580291,0.11656892558825031
FeatMorganBit,"r=1,b=1024",RogotGoldberg,50,0.1813977583121409,0.013766467114428426,0.11244610289219283,0.12581164551102744,0.38035102109479973,0.01987889970451064,0.23883483918755302,0.2617903173033818,0.10914523177618587,0.11583340877314807
FeatMorganBit,"r=1,b=4096",Cosine,50,0.18192898182160686,0.01392905818189606,0.11312058476903387,0.125780434094599,0.3811751924772893,0.020089175201069596,0.23949656293463548,0.2615302247101916,0.10976287114114772,0.11649238375448262
FeatMorganBit,"r=1,b=1024",Tanimoto,50,0.1812621267778092,0.01375202665858742,0.112383640257113,0.12569676187298032,0.38012321922029324,0.01982926727919005,0.23893476401839386,0.261912367822392,0.1091284471117659,0.11584498255962347
FeatMorganBit,"r=1,b=1024",Dice,50,0.1812621267778092,0.01375202665858742,0.112383640257113,0.12569676187298032,0.38012321922029324,0.01982926727919005,0.23893476401839386,0.261912367822392,0.1091284471117659,0.11584498255962347
FeatMorganBit,"r=1,b=1024",Sokal,50,0.1812621267778092,0.01375202665858742,0.112383640257113,0.12569676187298032,0.38012321922029324,0.01982926727919005,0.23893476401839386,0.261912367822392,0.1091284471117659,0.11584498255962347
FeatMorganBit,"r=1,b=1024",OnBit,50,0.1812621267778092,0.01375202665858742,0.112383640257113,0.12569676187298032,0.38012321922029324,0.01982926727919005,0.23893476401839386,0.261912367822392,0.1091284471117659,0.11584498255962347
FeatMorganBit,"r=1,b=1024",Cosine,50,0.1811340303287181,0.013860568908399765,0.11228595251442353,0.12543922351222897,0.37946022385689315,0.01996663664963596,0.238264067825841,0.2605540516902277,0.10901196841129444,0.11569543949366357
MorganBit,"r=3,b=1024",Kulczynski,50,0.16800414429688237,0.012630105071763332,0.09759674221377657,0.12489715617722122,0.34441008574792786,0.017877665401702773,0.20234075868038381,0.25848784213261106,0.09471911953013132,0.10090255037412836
MorganBit,"r=3,b=1024",McConnaughey,50,0.16800414429688237,0.012630105071763332,0.09759674221377657,0.12489715617722122,0.34441008574792786,0.017877665401702773,0.20234075868038381,0.25848784213261106,0.09471911953013132,0.10090255037412836
FeatMorganBit,"r=1,b=2048",Kulczynski,50,0.18037298671941226,0.013952938534809589,0.11155990143221148,0.12464940728744325,0.3768158641114312,0.020060619958660316,0.23549327603446588,0.2582853130160223,0.10829134548742425,0.11507144436353564
FeatMorganBit,"r=1,b=2048",McConnaughey,50,0.18037298671941226,0.013952938534809589,0.11155990143221148,0.12464940728744325,0.3768158641114312,0.020060619958660316,0.23549327603446588,0.2582853130160223,0.10829134548742425,0.11507144436353564
FeatMorganBit,"r=1,b=4096",Kulczynski,50,0.18029010078176508,0.013806516336625744,0.11162352500122588,0.12441302576522571,0.3762035474005968,0.01987722302373616,0.2352266288469384,0.2576579438688718,0.10841402860668753,0.11495628764607614
FeatMorganBit,"r=1,b=4096",McConnaughey,50,0.18029010078176508,0.013806516336625744,0.11162352500122588,0.12441302576522571,0.3762035474005968,0.01987722302373616,0.2352266288469384,0.2576579438688718,0.10841402860668753,0.11495628764607614
FeatMorganBit,"r=1,b=1024",Kulczynski,50,0.1799642083451069,0.013744286751155048,0.11095406148730151,0.1240492364710085,0.3766635131952286,0.019769436233329853,0.23487945764639084,0.2576540978629921,0.10782356810129094,0.1142897916782215
FeatMorganBit,"r=1,b=1024",McConnaughey,50,0.1799642083451069,0.013744286751155048,0.11095406148730151,0.1240492364710085,0.3766635131952286,0.019769436233329853,0.23487945764639084,0.2576540978629921,0.10782356810129094,0.1142897916782215
FeatMorganBit,"r=3,b=4096",Russel,50,0.17021945935763397,0.012749099574399608,0.10958725008790396,0.12292079929887618,0.3557016348546539,0.018376413429337296,0.23121162620063754,0.25516056097446055,0.10623661808589331,0.11330710896519502
RDKBit,-,McConnaughey,50,0.16478101158519357,0.011480629086333221,0.10584401001426047,0.12284157129503036,0.3538780119264035,0.01688271671724171,0.22649884892157232,0.26003250968569575,0.10270341578899149,0.11004720963784809
RDKBit,-,Kulczynski,50,0.16473014975981914,0.011460147639715944,0.10587675829710592,0.12283988212221851,0.3532803981532874,0.016814835750559868,0.22638686684839654,0.2597590303365764,0.10275231907603817,0.1101182129395273
FeatMorganBit,"r=1,b=2048",BraunBlanquet,50,0.17759442403692194,0.013479373447339802,0.10904840618451295,0.12277423081706759,0.372824466256004,0.019482670123460537,0.23199732066426998,0.25482260971164866,0.1059840486282197,0.11273966062798466
FeatMorganBit,"r=1,b=4096",BraunBlanquet,50,0.17734953376660073,0.013289341570122484,0.10906685137598178,0.12249579958145111,0.3718577949528997,0.019224882688108968,0.23190632204283024,0.2548811057823826,0.10592800398723419,0.11270641566508588
MorganBit,"r=3,b=2048",Russel,50,0.16841103889987755,0.01257527335891255,0.10817153551816663,0.12190037203419317,0.35446337730979105,0.018353725033129067,0.2292545629058584,0.25662426391706483,0.10493567221050233,0.11198412029860084
FeatMorganBit,"r=1,b=1024",BraunBlanquet,50,0.1762588301780164,0.013227251723804135,0.10776753426217843,0.12189593610031622,0.36978032660575455,0.01917829382061186,0.22932905948935747,0.2532724524942501,0.10477292431175865,0.111324687390491
MorganBit,"r=1,b=4096",Russel,50,0.173329565790713,0.01281764037810156,0.1102212311524222,0.12179716023071593,0.365715785878193,0.01889142042556246,0.23534741954334398,0.25742118388519375,0.10713724774419733,0.11419255975337228
MorganBit,"r=1,b=2048",Russel,50,0.172393331449562,0.012774256494073686,0.10937511838671314,0.12120840180524876,0.3623877551479485,0.018678158963582214,0.23294844505866066,0.2551061815050117,0.10606100276509492,0.11323731263416663
MorganBit,"r=2,b=1024",Russel,50,0.168520297635867,0.012559560608992161,0.10828335429242386,0.12114925224963068,0.35524401572267955,0.018359066219257175,0.2302183090182383,0.25497013229967574,0.1051459477267866,0.11211335653777532
FeatMorganBit,"r=3,b=2048",Russel,50,0.16680418197230856,0.012386367608790345,0.10646639969523707,0.12021351041823218,0.35004925130486947,0.017901125165442733,0.22564705600079732,0.2503553086432772,0.10324396358208986,0.11028545315092533
FeatMorganBit,"r=2,b=4096",Russel,50,0.16967881699161722,0.012526515398631812,0.10760128772105221,0.11988062582970357,0.35575457929275267,0.01815120952528061,0.22790631001611808,0.2497927923115174,0.10443184318229608,0.11135303360560049
MorganBit,"r=1,b=1024",Russel,50,0.16968070076292743,0.012590422105119885,0.10697278851978541,0.11872006698564094,0.3580589293608855,0.018432032733663933,0.22862920658465133,0.2499474198795275,0.10384173600412243,0.11072747387016908
FeatMorganBit,"r=2,b=2048",Russel,50,0.1672242629744749,0.012357658157081248,0.10545232721359428,0.11831907210787619,0.35107266551399646,0.017917460294294748,0.22359916306729297,0.24620659924086893,0.10222413787595981,0.10929451416676228
FeatMorganBit,"r=2,b=1024",Russel,50,0.1635998869737214,0.012128430653854862,0.10205908756238516,0.11502462482653081,0.34353658778902285,0.017632549506141935,0.21679162039518377,0.2405843068447063,0.09897081361723009,0.10570136213696663
FeatMorganBit,"r=3,b=1024",Russel,50,0.15811434491852688,0.01158229626309375,0.09870285105971892,0.11310150807049393,0.33385285113474167,0.016890566563688585,0.2106540583044631,0.23671137650442525,0.09549819566417236,0.10226932612378534
MorganBit,"r=3,b=1024",Russel,50,0.15403786380333429,0.011195717351957575,0.09532962904055467,0.10941046015350572,0.3293280884312895,0.016749761558149907,0.2056914745789832,0.23294258824793948,0.09228537842261697,0.09911290608421901
FeatMorganBit,"r=3,b=1024",Kulczynski,50,0.12134878025807669,0.009417116401050652,0.08116432447250108,0.10434796215992855,0.2690551458548692,0.014706898505689181,0.1786150158013964,0.22269458177261556,0.07892735177695799,0.08396476406211707
FeatMorganBit,"r=3,b=1024",McConnaughey,50,0.12134878025807669,0.009417116401050652,0.08116432447250108,0.10434796215992855,0.2690551458548692,0.014706898505689181,0.1786150158013964,0.22269458177261556,0.07892735177695799,0.08396476406211707
FeatMorganBit,"r=3,b=2048",Kulczynski,50,0.11209757935386643,0.008894182490368961,0.07571442837710897,0.10143434689612732,0.24813514048944854,0.01375579845594956,0.1658778475881277,0.21614999137290264,0.07358328818803146,0.0783322226344066
FeatMorganBit,"r=3,b=2048",McConnaughey,50,0.11209757935386643,0.008894182490368961,0.07571442837710897,0.10143434689612732,0.24813514048944854,0.01375579845594956,0.1658778475881277,0.21614999137290264,0.07358328818803146,0.0783322226344066
Descriptors,p=12,Mahalanobis,50,0.15925967787510598,0.011645422784985541,0.0918497726353435,0.10073701410828732,0.3502441355068519,0.018159174112438004,0.21051211483105217,0.21964675346722143,0.08926702168483604,0.09500034584977632
FeatMorganBit,"r=3,b=4096",Kulczynski,50,0.10981821606856929,0.008811819582999786,0.07399290174306498,0.10015426804429753,0.24384918929562657,0.01370468495205491,0.16242892789035365,0.2138067188334253,0.07188573650685137,0.07656819516139161
FeatMorganBit,"r=3,b=4096",McConnaughey,50,0.10981821606856929,0.008811819582999786,0.07399290174306498,0.10015426804429753,0.24384918929562657,0.01370468495205491,0.16242892789035365,0.2138067188334253,0.07188573650685137,0.07656819516139161
MorganBit,"r=2,b=4096",Asymmetric,50,0.1523217481397758,0.010896501676417448,0.07930918517777695,0.09556145793963541,0.313396077898753,0.01543259956581004,0.16546701393867247,0.1966261906274129,0.07696656872548167,0.08178079369147688
MorganBit,"r=1,b=4096",Asymmetric,50,0.15367429594047283,0.011077450037543915,0.07987543788261534,0.09369732668836928,0.31576345445979187,0.01570211671299291,0.1680642251023074,0.19337399099832162,0.07725564157591665,0.08239226004090898
FeatMorganBit,"r=1,b=4096",Russel,50,0.14863520768578695,0.010216244373896103,0.08302635056674679,0.09071005438964974,0.3192354446113595,0.015600629789481842,0.1815801222487077,0.19193797883831132,0.08066865477350775,0.08675380103982748
FeatMorganBit,"r=1,b=2048",Russel,50,0.14787604784779126,0.010249216646199872,0.08247611236274996,0.09019336009235915,0.317172015529895,0.015520668196367798,0.1803660004919745,0.1906478202192893,0.08018855453688635,0.08604698329800406
FeatMorganBit,"r=1,b=1024",Russel,50,0.14676839031741545,0.01021242135681813,0.08191192712779742,0.08963977569435061,0.315930103841384,0.015508500007736539,0.17924098651209225,0.18909973770029403,0.07936337508581334,0.08532514586823214
MorganBit,"r=1,b=2048",Asymmetric,50,0.15251954412734295,0.010955985214532032,0.07724226005939641,0.08947856414541977,0.3136152768581295,0.015516369655339018,0.16274287448438787,0.1842793878998768,0.0746684709612663,0.07973621850594872
Descriptors,p=12,Manhattan,50,0.1469209757935387,0.010803602570078698,0.07984675230957723,0.08921113643469193,0.32337839019180564,0.01684125974994146,0.183921933781501,0.19641408545839384,0.07728010161003417,0.0822467106682435
Descriptors,p=12,Euclidean,50,0.1468531600263728,0.010765193794361859,0.08015208687209145,0.0890807195934363,0.3235381361493184,0.017128653480283088,0.18438127027426457,0.19660547274852427,0.07749762124450803,0.0827183081511812
MorganBit,"r=2,b=2048",Asymmetric,50,0.14934727324102856,0.010468034994240217,0.07372824496896208,0.0876429798410706,0.3068316736640757,0.014761191649342842,0.1544821892902942,0.180183466102035,0.07140740159515888,0.07612316610094699
Descriptors,p=12,Cosine,50,0.14572854855420553,0.010836415267098288,0.07940851627432591,0.08743868448756166,0.3246453918581086,0.01728101110417764,0.18580084338621305,0.19566402711946998,0.07669607622517303,0.08242647322040787
Descriptors,p=12,Correlation,50,0.1419459357633983,0.010403376246774228,0.07621328546276306,0.08454005311856308,0.3144173080002598,0.016418670212062617,0.1770180951105964,0.18794892391780538,0.07368232184813939,0.07895971131919295
MorganBit,"r=1,b=1024",Asymmetric,50,0.1488254685881134,0.010725755217644808,0.0714936718233313,0.08378814690357428,0.3064869087682111,0.015180552010839645,0.15119775856217244,0.17249055719517756,0.06912260626103339,0.07376093077779634
MorganBit,"r=3,b=4096",Asymmetric,50,0.13666384100970141,0.009602557816187629,0.06518524416991583,0.08223295125756823,0.2848696488984306,0.013819466868138584,0.13858180043934656,0.17095451497424755,0.06297828899835162,0.06732830387135387
MorganBit,"r=2,b=1024",Asymmetric,50,0.14187246868230197,0.009997082672674133,0.0637185029617043,0.07816704038285095,0.2932886882633475,0.014123482289087708,0.13500386273541756,0.16085666216074013,0.06162386209873654,0.06594959515919985
MorganBit,"r=3,b=2048",Asymmetric,50,0.13115569369878496,0.00909702977284876,0.05779529740308382,0.07283251038021413,0.2743860502532551,0.013149889530099422,0.1238812848023194,0.1514204044429566,0.0559181573317765,0.05967087494978733
MACCS,-,Russel,50,0.12861825374399546,0.00889775147976775,0.06509080486113496,0.06995158975313977,0.2766662602256199,0.014028634322200431,0.13953426203051666,0.15121961183997437,0.06286284032446475,0.06745018822285595
MorganBit,"r=3,b=1024",Asymmetric,50,0.12114156541395878,0.008334831537987242,0.047058265354527645,0.062435279470369615,0.2542293741644174,0.012117480743772753,0.10147743208061492,0.12989428367068606,0.04549309499186078,0.04868796578897209
MACCS,-,Asymmetric,50,0.11816709051521145,0.008304070803815315,0.04514498364928223,0.050728290016016434,0.2540135306833573,0.012583596789251028,0.10115008690553733,0.1088494946204049,0.04352500242894871,0.04672391685837432
RDKBit,-,Russel,50,0.09462748422341527,0.005781398072927133,0.03524897634762944,0.04536870585318827,0.22144695133346143,0.009476928975740878,0.08850200229102344,0.10674234749167642,0.034062192724899465,0.03678115679836161
RDKBit,-,Asymmetric,50,0.09285862296317227,0.005684927886934665,0.034655473775351435,0.03824774266593969,0.2125321139895429,0.009167261377368598,0.08333131589169734,0.08578163871693953,0.03321459370166605,0.035975452768905
FeatMorganBit,"r=1,b=1024",Asymmetric,50,0.04747103701610625,0.0032168930722422857,0.012088832728263908,0.016147475583049263,0.11393955234090677,0.005505694244754991,0.03066713741425876,0.03755280381664509,0.011410265445903317,0.012660126200636822
FeatMorganBit,"r=1,b=4096",Asymmetric,50,0.04500894791372328,0.0031550447464610215,0.011356102204451124,0.015714650037389814,0.108636754835485,0.005284237965684388,0.02937229084744702,0.03658064231853566,0.010713523322083165,0.011953487127017349
FeatMorganBit,"r=1,b=2048",Asymmetric,50,0.045167184703776966,0.0030926958849071175,0.01135769821945881,0.015636670269607057,0.10782321987222176,0.005199369839135734,0.028819792697806736,0.0361426725880706,0.010773073588635497,0.012027790801538011
Random,-,Random,50,0.05333898464726382,0.0025575551517692348,0.011391828270148886,0.010955485305899171,0.12639787527271035,0.004715313022665401,0.029154371178997062,0.026211109928028956,,
FeatMorganBit,"r=2,b=1024",Asymmetric,50,0.03239709899218235,0.002180791946483054,0.007343515354843586,0.008951595623819282,0.08346246516018954,0.003989549297955228,0.02012692083825702,0.022358659318421438,0.006879763997077096,0.00785041688647279
FeatMorganBit,"r=2,b=2048",Asymmetric,50,0.029332203070547243,0.0019931417029797217,0.0067063559038664745,0.008741043896576255,0.07608450885007886,0.003606611361594153,0.018097211683570157,0.02171773104893587,0.006223497368943113,0.007232345149849252
FeatMorganBit,"r=2,b=4096",Asymmetric,50,0.029411321465574083,0.0020226306818092498,0.006681833273268422,0.008622584824153432,0.07657240023643172,0.003661612728118575,0.01861636361071564,0.02163861690146371,0.006229151370264235,0.007167084564626309
FeatMorganBit,"r=3,b=1024",Asymmetric,50,0.030837336347367433,0.002054815341882368,0.007015922838081396,0.008190085680313259,0.08056050522436656,0.0038070227716018373,0.019345401919783657,0.02079653598675033,0.006640560321670837,0.007435826345711267
FeatMorganBit,"r=3,b=4096",Asymmetric,50,0.027911839502684378,0.0019202214820505138,0.0062887771726986156,0.00795202164142965,0.07315540325064256,0.003522003771814371,0.01763174852054607,0.020151023050642772,0.005855172036356545,0.006744553887978646
FeatMorganBit,"r=3,b=2048",Asymmetric,50,0.028079495149288876,0.0018411506716434056,0.006275990940456459,0.007881714552344992,0.07411229353317193,0.0035587386718632223,0.017521701865350806,0.01998190301372613,0.0058883316817071605,0.006731993684885205
